#
# There is insufficient memory for the Java Runtime Environment to continue.
# Native memory allocation (mmap) failed to map 65536 bytes. Error detail: Failed to commit metaspace.
# Possible reasons:
#   The system is out of physical RAM or swap space
#   This process is running with CompressedOops enabled, and the Java Heap may be blocking the growth of the native heap
# Possible solutions:
#   Reduce memory load on the system
#   Increase physical memory or swap space
#   Check if swap backing store is full
#   Decrease Java heap size (-Xmx/-Xms)
#   Decrease number of Java threads
#   Decrease Java thread stack sizes (-Xss)
#   Set larger code cache with -XX:ReservedCodeCacheSize=
#   JVM is running with Unscaled Compressed Oops mode in which the Java heap is
#     placed in the first 4GB address space. The Java Heap base address is the
#     maximum limit for the native heap growth. Please use -XX:HeapBaseMinAddress
#     to set the Java Heap base and to place the Java Heap above 4GB virtual address.
# This output file may be truncated or incomplete.
#
#  Out of Memory Error (virtualSpaceNode.cpp:110), pid=121528, tid=131652
#
# JRE version: OpenJDK Runtime Environment (17.0.11) (build 17.0.11+0--11852314)
# Java VM: OpenJDK 64-Bit Server VM (17.0.11+0--11852314, mixed mode, tiered, compressed oops, compressed class ptrs, g1 gc, windows-amd64)
# No core dump will be written. Minidumps are not enabled by default on client versions of Windows
#

---------------  S U M M A R Y ------------

Command Line: --add-opens=java.base/java.util=ALL-UNNAMED --add-opens=java.base/java.lang=ALL-UNNAMED --add-opens=java.base/java.lang.invoke=ALL-UNNAMED --add-opens=java.base/java.util=ALL-UNNAMED --add-opens=java.prefs/java.util.prefs=ALL-UNNAMED --add-opens=java.prefs/java.util.prefs=ALL-UNNAMED --add-opens=java.base/java.nio.charset=ALL-UNNAMED --add-opens=java.base/java.net=ALL-UNNAMED --add-opens=java.base/java.util.concurrent.atomic=ALL-UNNAMED -Xmx1536m -Dfile.encoding=windows-1252 -Duser.country=US -Duser.language=es -Duser.variant org.gradle.launcher.daemon.bootstrap.GradleDaemon 7.5

Host: Intel(R) Core(TM) i5-10400 CPU @ 2.90GHz, 12 cores, 15G,  Windows 11 , 64 bit Build 22621 (10.0.22621.3958)
Time: Wed Oct 16 08:11:43 2024 Hora est. Pacífico, Sudamérica elapsed time: 12.294236 seconds (0d 0h 0m 12s)

---------------  T H R E A D  ---------------

Current thread (0x00000159c353c030):  JavaThread "WorkerExecutor Queue Thread 3" [_thread_in_vm, id=131652, stack(0x0000002573700000,0x0000002573800000)]

Stack: [0x0000002573700000,0x0000002573800000]
Native frames: (J=compiled Java code, j=interpreted, Vv=VM code, C=native code)
V  [jvm.dll+0x687bb9]
V  [jvm.dll+0x84142a]
V  [jvm.dll+0x8430ae]
V  [jvm.dll+0x843713]
V  [jvm.dll+0x24a35f]
V  [jvm.dll+0x83c2bb]
V  [jvm.dll+0x62c046]
V  [jvm.dll+0x1c2bde]
V  [jvm.dll+0x62e9a1]
V  [jvm.dll+0x62c9e6]
V  [jvm.dll+0x24740c]
V  [jvm.dll+0x6df4fd]
V  [jvm.dll+0x6dff3f]
V  [jvm.dll+0x377130]
V  [jvm.dll+0x376154]
V  [jvm.dll+0x3760f8]
V  [jvm.dll+0x56e9b5]
V  [jvm.dll+0x56d864]
V  [jvm.dll+0x38a3c2]
V  [jvm.dll+0x389a2f]
C  0x00000159a697a539

The last pc belongs to invokestatic (printed below).
Java frames: (J=compiled Java code, j=interpreted, Vv=VM code)
j  com.android.tools.r8.D8.c(Lcom/android/tools/r8/graph/g;Ljava/util/concurrent/ExecutorService;)V+2
j  com.android.tools.r8.D8$$Lambda$2121+0x0000000100ec19d0.a()V+8
j  com.android.tools.r8.internal.H20.a(Ljava/lang/String;Lcom/android/tools/r8/internal/l20;)V+7
j  com.android.tools.r8.D8.a(Lcom/android/tools/r8/graph/g;Lcom/android/tools/r8/internal/H20;Ljava/util/concurrent/ExecutorService;)V+76
j  com.android.tools.r8.D8.d(Lcom/android/tools/r8/utils/j;Lcom/android/tools/r8/internal/Aw;Ljava/util/concurrent/ExecutorService;)V+842
j  com.android.tools.r8.D8.b(Lcom/android/tools/r8/utils/j;Lcom/android/tools/r8/internal/Aw;Ljava/util/concurrent/ExecutorService;)V+3
j  com.android.tools.r8.D8$$Lambda$1587+0x0000000100d31f68.run()V+12
j  com.android.tools.r8.internal.vk.a(Lcom/android/tools/r8/internal/GV;Lcom/android/tools/r8/internal/vk$a;)V+2
j  com.android.tools.r8.internal.vk.b(Lcom/android/tools/r8/internal/GV;Lcom/android/tools/r8/internal/vk$a;)V+2
j  com.android.tools.r8.D8.run(Lcom/android/tools/r8/D8Command;Ljava/util/concurrent/ExecutorService;)V+22
j  com.android.builder.dexing.D8DexArchiveBuilder.convert(Ljava/util/stream/Stream;Ljava/nio/file/Path;Lcom/android/builder/dexing/DependencyGraphUpdater;)V+289
j  com.android.build.gradle.internal.dexing.DexWorkActionKt.process(Lcom/android/builder/dexing/DexArchiveBuilder;Lcom/android/builder/dexing/ClassBucket;Lkotlin/jvm/functions/Function2;Ljava/io/File;Lcom/android/builder/dexing/DependencyGraphUpdater;)V+158
j  com.android.build.gradle.internal.dexing.DexWorkActionKt.processIncrementally(Lcom/android/builder/dexing/DexArchiveBuilder;Lcom/android/build/gradle/internal/dexing/DexWorkActionParams;)V+230
j  com.android.build.gradle.internal.dexing.DexWorkActionKt.launchProcessing(Lcom/android/build/gradle/internal/dexing/DexWorkActionParams;Lcom/android/ide/common/blame/MessageReceiver;)V+38
j  com.android.build.gradle.internal.dexing.DexWorkAction.run()V+62
j  com.android.build.gradle.internal.profile.ProfileAwareWorkAction.execute()V+70
j  org.gradle.workers.internal.DefaultWorkerServer.execute(Lorg/gradle/workers/internal/SimpleActionExecutionSpec;)Lorg/gradle/workers/internal/DefaultWorkResult;+128
j  org.gradle.workers.internal.NoIsolationWorkerFactory$1$1.create()Lorg/gradle/workers/internal/DefaultWorkResult;+29
j  org.gradle.workers.internal.NoIsolationWorkerFactory$1$1.create()Ljava/lang/Object;+1
j  org.gradle.internal.classloader.ClassLoaderUtils.executeInClassloader(Ljava/lang/ClassLoader;Lorg/gradle/internal/Factory;)Ljava/lang/Object;+15
j  org.gradle.workers.internal.NoIsolationWorkerFactory$1.lambda$execute$0(Ljava/lang/ClassLoader;Lorg/gradle/workers/WorkerExecutor;Lorg/gradle/workers/internal/IsolatedParametersActionExecutionSpec;)Lorg/gradle/workers/internal/DefaultWorkResult;+10
j  org.gradle.workers.internal.NoIsolationWorkerFactory$1$$Lambda$1478+0x0000000100cdc468.execute(Lorg/gradle/workers/internal/IsolatedParametersActionExecutionSpec;)Lorg/gradle/workers/internal/DefaultWorkResult;+13
j  org.gradle.workers.internal.AbstractWorker$1.call(Lorg/gradle/internal/operations/BuildOperationContext;)Lorg/gradle/workers/internal/DefaultWorkResult;+8
j  org.gradle.workers.internal.AbstractWorker$1.call(Lorg/gradle/internal/operations/BuildOperationContext;)Ljava/lang/Object;+2
J 6989 c1 org.gradle.internal.operations.DefaultBuildOperationRunner$CallableBuildOperationWorker.execute(Lorg/gradle/internal/operations/BuildOperation;Lorg/gradle/internal/operations/BuildOperationContext;)V (10 bytes) @ 0x00000159a00b6c14 [0x00000159a00b69c0+0x0000000000000254]
J 6762 c1 org.gradle.internal.operations.DefaultBuildOperationRunner$2.execute(Lorg/gradle/internal/operations/BuildOperationDescriptor;Lorg/gradle/internal/operations/BuildOperationState;Lorg/gradle/internal/operations/BuildOperationState;Lorg/gradle/internal/operations/DefaultBuildOperationRunner$ReadableBuildOperationContext;Lorg/gradle/internal/operations/DefaultBuildOperationRunner$BuildOperationExecutionListener;)Lorg/gradle/internal/operations/BuildOperation; (110 bytes) @ 0x00000159a004a8a4 [0x00000159a004a6c0+0x00000000000001e4]
J 6773 c1 org.gradle.internal.operations.DefaultBuildOperationRunner$2.execute(Lorg/gradle/internal/operations/BuildOperationDescriptor;Lorg/gradle/internal/operations/BuildOperationState;Lorg/gradle/internal/operations/BuildOperationState;Lorg/gradle/internal/operations/DefaultBuildOperationRunner$ReadableBuildOperationContext;Lorg/gradle/internal/operations/DefaultBuildOperationRunner$BuildOperationExecutionListener;)Ljava/lang/Object; (12 bytes) @ 0x00000159a0051114 [0x00000159a00510a0+0x0000000000000074]
J 6450 c1 org.gradle.internal.operations.DefaultBuildOperationRunner.execute(Lorg/gradle/internal/operations/BuildOperationDescriptor$Builder;Lorg/gradle/internal/operations/BuildOperationState;Lorg/gradle/internal/operations/DefaultBuildOperationRunner$BuildOperationExecution;)Ljava/lang/Object; (147 bytes) @ 0x000001599ff93e1c [0x000001599ff938e0+0x000000000000053c]
J 6758 c1 org.gradle.internal.operations.DefaultBuildOperationRunner.execute(Lorg/gradle/internal/operations/BuildOperation;Lorg/gradle/internal/operations/BuildOperationWorker;Lorg/gradle/internal/operations/BuildOperationState;)V (23 bytes) @ 0x00000159a0046b74 [0x00000159a00468e0+0x0000000000000294]
J 6988 c1 org.gradle.internal.operations.DefaultBuildOperationRunner.call(Lorg/gradle/internal/operations/CallableBuildOperation;)Ljava/lang/Object; (24 bytes) @ 0x00000159a00b639c [0x00000159a00b5f00+0x000000000000049c]
J 6987 c1 org.gradle.internal.operations.DefaultBuildOperationExecutor.call(Lorg/gradle/internal/operations/CallableBuildOperation;)Ljava/lang/Object; (11 bytes) @ 0x00000159a00b5b3c [0x00000159a00b5a40+0x00000000000000fc]
j  org.gradle.workers.internal.AbstractWorker.executeWrappedInBuildOperation(Lorg/gradle/workers/internal/IsolatedParametersActionExecutionSpec;Lorg/gradle/internal/operations/BuildOperationRef;Lorg/gradle/workers/internal/AbstractWorker$Work;)Lorg/gradle/workers/internal/DefaultWorkResult;+15
j  org.gradle.workers.internal.NoIsolationWorkerFactory$1.execute(Lorg/gradle/workers/internal/IsolatedParametersActionExecutionSpec;Lorg/gradle/internal/operations/BuildOperationRef;)Lorg/gradle/workers/internal/DefaultWorkResult;+17
j  org.gradle.workers.internal.DefaultWorkerExecutor.lambda$submitWork$2(Lorg/gradle/workers/internal/WorkerFactory;Lorg/gradle/workers/internal/WorkerRequirement;Lorg/gradle/workers/internal/IsolatedParametersActionExecutionSpec;Lorg/gradle/internal/operations/BuildOperationRef;)Lorg/gradle/workers/internal/DefaultWorkResult;+13
j  org.gradle.workers.internal.DefaultWorkerExecutor$$Lambda$1476+0x0000000100cbb408.call()Ljava/lang/Object;+16
J 5176 c1 java.util.concurrent.FutureTask.run()V java.base@17.0.11 (123 bytes) @ 0x000001599fd0203c [0x000001599fd01840+0x00000000000007fc]
j  org.gradle.internal.work.DefaultConditionalExecutionQueue$ExecutionRunner.runExecution(Lorg/gradle/internal/work/ConditionalExecution;)V+6
j  org.gradle.internal.work.DefaultConditionalExecutionQueue$ExecutionRunner.access$700(Lorg/gradle/internal/work/DefaultConditionalExecutionQueue$ExecutionRunner;Lorg/gradle/internal/work/ConditionalExecution;)V+2
j  org.gradle.internal.work.DefaultConditionalExecutionQueue$ExecutionRunner$1.run()V+14
j  org.gradle.internal.Factories$1.create()Ljava/lang/Object;+4
J 9861 c1 org.gradle.internal.work.DefaultWorkerLeaseService.withLocks(Ljava/util/Collection;Lorg/gradle/internal/Factory;)Ljava/lang/Object; (53 bytes) @ 0x00000159a02e26cc [0x00000159a02e2540+0x000000000000018c]
J 10067 c1 org.gradle.internal.work.DefaultWorkerLeaseService.runAsWorkerThread(Lorg/gradle/internal/Factory;)Ljava/lang/Object; (37 bytes) @ 0x00000159a031eba4 [0x00000159a031e640+0x0000000000000564]
j  org.gradle.internal.work.DefaultWorkerLeaseService.runAsWorkerThread(Ljava/lang/Runnable;)V+5
j  org.gradle.internal.work.DefaultConditionalExecutionQueue$ExecutionRunner.runBatch(Lorg/gradle/internal/work/ConditionalExecution;)V+16
j  org.gradle.internal.work.DefaultConditionalExecutionQueue$ExecutionRunner.run()V+11
j  java.util.concurrent.Executors$RunnableAdapter.call()Ljava/lang/Object;+4 java.base@17.0.11
J 5176 c1 java.util.concurrent.FutureTask.run()V java.base@17.0.11 (123 bytes) @ 0x000001599fd0203c [0x000001599fd01840+0x00000000000007fc]
J 4974 c1 org.gradle.internal.concurrent.ExecutorPolicy$CatchAndRecordFailures.onExecute(Ljava/lang/Runnable;)V (29 bytes) @ 0x000001599fc9664c [0x000001599fc96540+0x000000000000010c]
J 9231 c1 org.gradle.internal.concurrent.ManagedExecutorImpl$1.run()V (57 bytes) @ 0x00000159a01dee24 [0x00000159a01ded60+0x00000000000000c4]
j  java.util.concurrent.ThreadPoolExecutor.runWorker(Ljava/util/concurrent/ThreadPoolExecutor$Worker;)V+92 java.base@17.0.11
j  java.util.concurrent.ThreadPoolExecutor$Worker.run()V+5 java.base@17.0.11
j  java.lang.Thread.run()V+11 java.base@17.0.11
v  ~StubRoutines::call_stub
invokestatic  184 invokestatic  [0x00000159a697a480, 0x00000159a697a760]  736 bytes
[MachCode]
  0x00000159a697a480: 4883 ec08 | c5fa 1104 | 24eb 1f48 | 83ec 10c5 | fb11 0424 | eb14 4883 | ec10 4889 | 0424 48c7 
  0x00000159a697a4a0: 4424 0800 | 0000 00eb | 0150 4c89 | 6dc0 410f | b755 0148 | 8b4d d0c1 | e202 8b5c | d120 c1eb 
  0x00000159a697a4c0: 1081 e3ff | 0000 0081 | fbb8 0000 | 000f 84b6 | 0000 00bb | b800 0000 | e805 0000 | 00e9 9b00 
  0x00000159a697a4e0: 0000 488b | d348 8d44 | 2408 4c89 | 6dc0 498b | cfc5 f877 | 4989 afa8 | 0200 0049 | 8987 9802 
  0x00000159a697a500: 0000 4883 | ec20 f7c4 | 0f00 0000 | 0f84 1a00 | 0000 4883 | ec08 49ba | c099 ff8c | fb7f 0000 
  0x00000159a697a520: 41ff d248 | 83c4 08e9 | 0d00 0000 | 49ba c099 | ff8c fb7f | 0000 41ff | d248 83c4 | 2049 c787 
  0x00000159a697a540: 9802 0000 | 0000 0000 | 49c7 87a8 | 0200 0000 | 0000 0049 | c787 a002 | 0000 0000 | 0000 c5f8 
  0x00000159a697a560: 7749 817f | 0800 0000 | 000f 8405 | 0000 00e9 | 8c69 feff | 4c8b 6dc0 | 4c8b 75c8 | c341 0fb7 
  0x00000159a697a580: 5501 488b | 4dd0 c1e2 | 0248 8b5c | d128 488b | 5b08 488b | 5b08 488b | 5b18 80bb | 5b01 0000 
  0x00000159a697a5a0: 040f 840d | 0000 004c | 3bbb 6001 | 0000 0f85 | 1fff ffff | 488b 5cd1 | 288b 54d1 | 38c1 ea1c 
  0x00000159a697a5c0: 49ba 5066 | 828d fb7f | 0000 498b | 14d2 5248 | 8b45 d848 | 85c0 0f84 | 1200 0000 | 4883 4008 
  0x00000159a697a5e0: 0148 8358 | 0800 4883 | c010 4889 | 45d8 488b | 45d8 4885 | c00f 8445 | 0100 0080 | 78f0 0a0f 
  0x00000159a697a600: 853b 0100 | 0048 83c0 | 084c 8b68 | f841 83ed | 0041 83fd | 020f 8c1a | 0100 004c | 8b6b 0845 
  0x00000159a697a620: 0fb7 6d2c | 4c2b 2841 | 83ed 014e | 8b6c ec08 | 4d85 ed75 | 1248 f740 | 0801 0000 | 0075 58f0 
  0x00000159a697a640: 4883 4808 | 01eb 5045 | 8b6d 0849 | c1e5 034d | 8bd5 4c33 | 6808 49f7 | c5fc ffff | ff74 3849 
  0x00000159a697a660: f7c5 0200 | 0000 752f | 4881 7808 | 0000 0000 | 7421 4881 | 7808 0100 | 0000 7417 | 4d8b ea4c 
  0x00000159a697a680: 3368 0849 | f7c5 fcff | ffff 740b | 4883 4808 | 02eb 044c | 8968 0848 | 83c0 104c | 8b68 e841 
  0x00000159a697a6a0: 83ed 0241 | 83fd 020f | 8c88 0000 | 004c 8b6b | 0845 0fb7 | 6d2c 4c2b | 2841 83ed | 014e 8b6c 
  0x00000159a697a6c0: ec08 4d85 | ed75 1248 | f740 0801 | 0000 0075 | 58f0 4883 | 4808 01eb | 5045 8b6d | 0849 c1e5 
  0x00000159a697a6e0: 034d 8bd5 | 4c33 6808 | 49f7 c5fc | ffff ff74 | 3849 f7c5 | 0200 0000 | 752f 4881 | 7808 0000 
  0x00000159a697a700: 0000 7421 | 4881 7808 | 0100 0000 | 7417 4d8b | ea4c 3368 | 0849 f7c5 | fcff ffff | 740b 4883 
  0x00000159a697a720: 4808 02eb | 044c 8968 | 0848 83c0 | 104c 8b68 | d841 83ed | 0441 c1e5 | 0349 03c5 | 4889 45d8 
  0x00000159a697a740: 4c8d 6c24 | 084c 896d | f0ff 6360 | 0f1f 4000 | 0000 0000 | 0000 0000 | 0000 0000 | 0000 0000 
[/MachCode]

Compiled method (c1)   12322 6989       3       org.gradle.internal.operations.DefaultBuildOperationRunner$CallableBuildOperationWorker::execute (10 bytes)
 total in heap  [0x00000159a00b6810,0x00000159a00b6e58] = 1608
 relocation     [0x00000159a00b6968,0x00000159a00b69c0] = 88
 main code      [0x00000159a00b69c0,0x00000159a00b6d20] = 864
 stub code      [0x00000159a00b6d20,0x00000159a00b6d68] = 72
 oops           [0x00000159a00b6d68,0x00000159a00b6d70] = 8
 metadata       [0x00000159a00b6d70,0x00000159a00b6d88] = 24
 scopes data    [0x00000159a00b6d88,0x00000159a00b6dd0] = 72
 scopes pcs     [0x00000159a00b6dd0,0x00000159a00b6e40] = 112
 dependencies   [0x00000159a00b6e40,0x00000159a00b6e48] = 8
 nul chk table  [0x00000159a00b6e48,0x00000159a00b6e58] = 16

[Constant Pool (empty)]

[MachCode]
[Entry Point]
  # {method} {0x00000159b737e098} 'execute' '(Lorg/gradle/internal/operations/BuildOperation;Lorg/gradle/internal/operations/BuildOperationContext;)V' in 'org/gradle/internal/operations/DefaultBuildOperationRunner$CallableBuildOperationWorker'
  # this:     rdx:rdx   = 'org/gradle/internal/operations/DefaultBuildOperationRunner$CallableBuildOperationWorker'
  # parm0:    r8:r8     = 'org/gradle/internal/operations/BuildOperation'
  # parm1:    r9:r9     = 'org/gradle/internal/operations/BuildOperationContext'
  #           [sp+0x60]  (sp of caller)
  0x00000159a00b69c0: 448b 5208 | 49c1 e203 

  0x00000159a00b69c8: ;   {runtime_call ic_miss_stub}
  0x00000159a00b69c8: 4c3b d00f | 85af a68f | 0666 6666 | 0f1f 8400 | 0000 0000 | 6666 6690 
[Verified Entry Point]
  0x00000159a00b69e0: 8984 2400 | 90ff ff55 | 4883 ec50 

  0x00000159a00b69ec: ;   {metadata(method data for {method} {0x00000159b737e098} 'execute' '(Lorg/gradle/internal/operations/BuildOperation;Lorg/gradle/internal/operations/BuildOperationContext;)V' in 'org/gradle/internal/operations/DefaultBuildOperationRunner$CallableBuildOperationWorker')}
  0x00000159a00b69ec: 48be 88a4 | c3b9 5901 | 0000 8bbe | cc00 0000 | 83c7 0289 | becc 0000 | 0081 e7fe | 0700 0083 
  0x00000159a00b6a0c: ff00 0f84 | 4102 0000 | 4983 f800 

  0x00000159a00b6a18: ;   {metadata(method data for {method} {0x00000159b737e098} 'execute' '(Lorg/gradle/internal/operations/BuildOperation;Lorg/gradle/internal/operations/BuildOperationContext;)V' in 'org/gradle/internal/operations/DefaultBuildOperationRunner$CallableBuildOperationWorker')}
  0x00000159a00b6a18: 7516 48bf | 88a4 c3b9 | 5901 0000 | 808f 0901 | 0000 01e9 | de00 0000 

  0x00000159a00b6a30: ;   {metadata('org/gradle/internal/operations/CallableBuildOperation')}
  0x00000159a00b6a30: 48bb 10e8 | 2900 0100 | 0000 418b | 7808 48c1 | e703 483b | 5f20 0f84 | 1b00 0000 | 483b fb0f 
  0x00000159a00b6a50: 8412 0000 

  0x00000159a00b6a54: ;   {runtime_call slow_subtype_check Runtime1 stub}
  0x00000159a00b6a54: 0057 53e8 | 240c 9a06 | 5f5f 83ff | 000f 848b 

  0x00000159a00b6a64: ;   {metadata(method data for {method} {0x00000159b737e098} 'execute' '(Lorg/gradle/internal/operations/BuildOperation;Lorg/gradle/internal/operations/BuildOperationContext;)V' in 'org/gradle/internal/operations/DefaultBuildOperationRunner$CallableBuildOperationWorker')}
  0x00000159a00b6a64: 0000 0048 | bf88 a4c3 | b959 0100 | 0041 8b58 | 0848 c1e3 | 0348 3b9f | 2001 0000 | 750d 4883 
  0x00000159a00b6a84: 8728 0100 | 0001 e97f | 0000 0048 | 3b9f 3001 | 0000 750d | 4883 8738 | 0100 0001 | e969 0000 
  0x00000159a00b6aa4: 0048 81bf | 2001 0000 | 0000 0000 | 7517 4889 | 9f20 0100 | 0048 c787 | 2801 0000 | 0100 0000 
  0x00000159a00b6ac4: e945 0000 | 0048 81bf | 3001 0000 | 0000 0000 | 7517 4889 | 9f30 0100 | 0048 c787 | 3801 0000 
  0x00000159a00b6ae4: 0100 0000 | e921 0000 | 00e9 1c00 

  0x00000159a00b6af0: ;   {metadata(method data for {method} {0x00000159b737e098} 'execute' '(Lorg/gradle/internal/operations/BuildOperation;Lorg/gradle/internal/operations/BuildOperationContext;)V' in 'org/gradle/internal/operations/DefaultBuildOperationRunner$CallableBuildOperationWorker')}
  0x00000159a00b6af0: 0000 48bf | 88a4 c3b9 | 5901 0000 | 4883 af10 | 0100 0001 | e96d 0100 | 00e9 0000 | 0000 498b 
  0x00000159a00b6b10: f04c 8bc2 

  0x00000159a00b6b14: ;   {metadata(method data for {method} {0x00000159b737e098} 'execute' '(Lorg/gradle/internal/operations/BuildOperation;Lorg/gradle/internal/operations/BuildOperationContext;)V' in 'org/gradle/internal/operations/DefaultBuildOperationRunner$CallableBuildOperationWorker')}
  0x00000159a00b6b14: 48bf 88a4 | c3b9 5901 

  0x00000159a00b6b1c: ;   {metadata('org/gradle/internal/operations/DefaultBuildOperationRunner$CallableBuildOperationWorker')}
  0x00000159a00b6b1c: 0000 49ba | d0ec 2b00 | 0100 0000 | 4c89 9758 | 0100 0048 | 8387 6001 

  0x00000159a00b6b34: ;   {metadata(method data for {method} {0x00000159b737df20} 'execute' '(Lorg/gradle/internal/operations/CallableBuildOperation;Lorg/gradle/internal/operations/BuildOperationContext;)V' in 'org/gradle/internal/operations/DefaultBuildOperationRunner$CallableBuildOperationWorker')}
  0x00000159a00b6b34: 0000 0149 | b858 a6c3 | b959 0100 | 0041 8bb8 | cc00 0000 | 83c7 0241 | 89b8 cc00 | 0000 81e7 
  0x00000159a00b6b54: feff 1f00 | 83ff 000f | 841e 0100 | 0048 3b06 

  0x00000159a00b6b64: ;   {metadata(method data for {method} {0x00000159b737df20} 'execute' '(Lorg/gradle/internal/operations/CallableBuildOperation;Lorg/gradle/internal/operations/BuildOperationContext;)V' in 'org/gradle/internal/operations/DefaultBuildOperationRunner$CallableBuildOperationWorker')}
  0x00000159a00b6b64: 4c8b c648 | bf58 a6c3 | b959 0100 | 0045 8b40 | 0849 c1e0 | 034c 3b87 | 2001 0000 | 750d 4883 
  0x00000159a00b6b84: 8728 0100 | 0001 e966 | 0000 004c | 3b87 3001 | 0000 750d | 4883 8738 | 0100 0001 | e950 0000 
  0x00000159a00b6ba4: 0048 81bf | 2001 0000 | 0000 0000 | 7517 4c89 | 8720 0100 | 0048 c787 | 2801 0000 | 0100 0000 
  0x00000159a00b6bc4: e92c 0000 | 0048 81bf | 3001 0000 | 0000 0000 | 7517 4c89 | 8730 0100 | 0048 c787 | 3801 0000 
  0x00000159a00b6be4: 0100 0000 | e908 0000 | 0048 8387 | 1001 0000 | 014d 8bc1 | 4889 5424 | 4048 8bd6 | 0f1f 4400 
  0x00000159a00b6c04: 0048 b8f0 | 917d bd59 

  0x00000159a00b6c0c: ;   {virtual_call}
  0x00000159a00b6c0c: 0100 00e8 

  0x00000159a00b6c10: ; ImmutableOopMap {[64]=Oop }
                      ;*invokeinterface call {reexecute=0 rethrow=0 return_oop=0}
                      ; - org.gradle.internal.operations.DefaultBuildOperationRunner$CallableBuildOperationWorker::execute@3 (line 204)
                      ; - org.gradle.internal.operations.DefaultBuildOperationRunner$CallableBuildOperationWorker::execute@6 (line 199)
  0x00000159a00b6c10: 7463 9a06 | 410f be77 | 3883 fe00 | 488b 5424 | 400f 857e | 0000 004c | 8bd0 4489 | 520c 488b 
  0x00000159a00b6c30: f248 33f0 | 48c1 ee14 | 4883 fe00 | 0f85 7e00 | 0000 4883 

  0x00000159a00b6c44: ;   {poll_return}
  0x00000159a00b6c44: c450 5d49 | 3ba7 5003 | 0000 0f87 | 8400 0000 

  0x00000159a00b6c54: ;   {metadata({method} {0x00000159b737e098} 'execute' '(Lorg/gradle/internal/operations/BuildOperation;Lorg/gradle/internal/operations/BuildOperationContext;)V' in 'org/gradle/internal/operations/DefaultBuildOperationRunner$CallableBuildOperationWorker')}
  0x00000159a00b6c54: c349 ba90 | e037 b759 | 0100 004c | 8954 2408 | 48c7 0424 | ffff ffff 

  0x00000159a00b6c6c: ;   {runtime_call counter_overflow Runtime1 stub}
  0x00000159a00b6c6c: e80f 319a 

  0x00000159a00b6c70: ; ImmutableOopMap {rdx=Oop r8=Oop r9=Oop }
                      ;*synchronization entry
                      ; - org.gradle.internal.operations.DefaultBuildOperationRunner$CallableBuildOperationWorker::execute@-1 (line 199)
  0x00000159a00b6c70: 06e9 9efd | ffff 4c89 

  0x00000159a00b6c78: ;   {runtime_call throw_class_cast_exception Runtime1 stub}
  0x00000159a00b6c78: 0424 e821 

  0x00000159a00b6c7c: ; ImmutableOopMap {rdx=Oop r9=Oop }
                      ;*checkcast {reexecute=0 rethrow=0 return_oop=0}
                      ; - org.gradle.internal.operations.DefaultBuildOperationRunner$CallableBuildOperationWorker::execute@2 (line 199)
                      ;   {metadata({method} {0x00000159b737df20} 'execute' '(Lorg/gradle/internal/operations/CallableBuildOperation;Lorg/gradle/internal/operations/BuildOperationContext;)V' in 'org/gradle/internal/operations/DefaultBuildOperationRunner$CallableBuildOperationWorker')}
  0x00000159a00b6c7c: 049a 0649 | ba18 df37 | b759 0100 | 004c 8954 | 2408 48c7 | 0424 ffff 

  0x00000159a00b6c94: ;   {runtime_call counter_overflow Runtime1 stub}
  0x00000159a00b6c94: ffff e8e5 

  0x00000159a00b6c98: ; ImmutableOopMap {rdx=Oop r9=Oop rsi=Oop }
                      ;*synchronization entry
                      ; - org.gradle.internal.operations.DefaultBuildOperationRunner$CallableBuildOperationWorker::execute@-1 (line 204)
                      ; - org.gradle.internal.operations.DefaultBuildOperationRunner$CallableBuildOperationWorker::execute@6 (line 199)
  0x00000159a00b6c98: 309a 06e9 | c1fe ffff 

  0x00000159a00b6ca0: ;   {runtime_call throw_null_pointer_exception Runtime1 stub}
  0x00000159a00b6ca0: e8fb df99 

  0x00000159a00b6ca4: ; ImmutableOopMap {rdx=Oop r9=Oop rsi=Oop }
                      ;*invokeinterface call {reexecute=0 rethrow=0 return_oop=0}
                      ; - org.gradle.internal.operations.DefaultBuildOperationRunner$CallableBuildOperationWorker::execute@3 (line 204)
                      ; - org.gradle.internal.operations.DefaultBuildOperationRunner$CallableBuildOperationWorker::execute@6 (line 199)
  0x00000159a00b6ca4: 068b 720c | 4883 fe00 | 0f84 75ff | ffff 4889 

  0x00000159a00b6cb4: ;   {runtime_call g1_pre_barrier_slow}
  0x00000159a00b6cb4: 3424 e8c5 | 369a 06e9 | 67ff ffff | 4883 f800 | 0f84 78ff | ffff 4889 

  0x00000159a00b6ccc: ;   {runtime_call g1_post_barrier_slow}
  0x00000159a00b6ccc: 1424 e8ad | 399a 06e9 | 6aff ffff 

  0x00000159a00b6cd8: ;   {internal_word}
  0x00000159a00b6cd8: 49ba 476c | 0ba0 5901 | 0000 4d89 | 9768 0300 

  0x00000159a00b6ce8: ;   {runtime_call SafepointBlob}
  0x00000159a00b6ce8: 00e9 120d | 9006 9090 | 498b 87e0 | 0300 0049 | c787 e003 | 0000 0000 | 0000 49c7 | 87e8 0300 
  0x00000159a00b6d08: 0000 0000 | 0048 83c4 

  0x00000159a00b6d10: ;   {runtime_call unwind_exception Runtime1 stub}
  0x00000159a00b6d10: 505d e969 | cd99 06f4 | f4f4 f4f4 | f4f4 f4f4 
[Stub Code]
  0x00000159a00b6d20: ;   {no_reloc}
  0x00000159a00b6d20: 0f1f 4400 

  0x00000159a00b6d24: ;   {static_stub}
  0x00000159a00b6d24: 0048 bb00 | 0000 0000 

  0x00000159a00b6d2c: ;   {runtime_call}
  0x00000159a00b6d2c: 0000 00e9 | fbff ffff 
[Exception Handler]
  0x00000159a00b6d34: ;   {runtime_call handle_exception_from_callee Runtime1 stub}
  0x00000159a00b6d34: e847 fd99 

  0x00000159a00b6d38: ;   {external_word}
  0x00000159a00b6d38: 0648 b9e0 | 6d5a 8dfb | 7f00 0048 

  0x00000159a00b6d44: ;   {runtime_call}
  0x00000159a00b6d44: 83e4 f049 | ba30 ce22 | 8dfb 7f00 | 0041 ffd2 

  0x00000159a00b6d54: ;   {section_word}
  0x00000159a00b6d54: f449 ba55 | 6d0b a059 | 0100 0041 

  0x00000159a00b6d60: ;   {runtime_call DeoptimizationBlob}
  0x00000159a00b6d60: 52e9 3aff | 8f06 f4f4 
[/MachCode]


Compiled method (c1)   12329 6762   !   3       org.gradle.internal.operations.DefaultBuildOperationRunner$2::execute (110 bytes)
 total in heap  [0x00000159a004a490,0x00000159a004b2f8] = 3688
 relocation     [0x00000159a004a5e8,0x00000159a004a6a8] = 192
 main code      [0x00000159a004a6c0,0x00000159a004ae40] = 1920
 stub code      [0x00000159a004ae40,0x00000159a004aed8] = 152
 oops           [0x00000159a004aed8,0x00000159a004aee0] = 8
 metadata       [0x00000159a004aee0,0x00000159a004af20] = 64
 scopes data    [0x00000159a004af20,0x00000159a004b070] = 336
 scopes pcs     [0x00000159a004b070,0x00000159a004b190] = 288
 dependencies   [0x00000159a004b190,0x00000159a004b1a8] = 24
 handler table  [0x00000159a004b1a8,0x00000159a004b2c8] = 288
 nul chk table  [0x00000159a004b2c8,0x00000159a004b2f8] = 48

[Constant Pool (empty)]

[MachCode]
[Entry Point]
  # {method} {0x00000159b7380db8} 'execute' '(Lorg/gradle/internal/operations/BuildOperationDescriptor;Lorg/gradle/internal/operations/BuildOperationState;Lorg/gradle/internal/operations/BuildOperationState;Lorg/gradle/internal/operations/DefaultBuildOperationRunner$ReadableBuildOperationContext;Lorg/gradle/internal/operations/DefaultBuildOperationRunner$BuildOperationExecutionListener;)Lorg/gradle/internal/operations/BuildOperation;' in 'org/gradle/internal/operations/DefaultBuildOperationRunner$2'
  # this:     rdx:rdx   = 'org/gradle/internal/operations/DefaultBuildOperationRunner$2'
  # parm0:    r8:r8     = 'org/gradle/internal/operations/BuildOperationDescriptor'
  # parm1:    r9:r9     = 'org/gradle/internal/operations/BuildOperationState'
  # parm2:    rdi:rdi   = 'org/gradle/internal/operations/BuildOperationState'
  # parm3:    rsi:rsi   = 'org/gradle/internal/operations/DefaultBuildOperationRunner$ReadableBuildOperationContext'
  # parm4:    rcx:rcx   = 'org/gradle/internal/operations/DefaultBuildOperationRunner$BuildOperationExecutionListener'
  #           [sp+0xb0]  (sp of caller)
  0x00000159a004a6c0: 448b 5208 | 49c1 e203 

  0x00000159a004a6c8: ;   {runtime_call ic_miss_stub}
  0x00000159a004a6c8: 4c3b d00f | 85af 6996 | 0666 6666 | 0f1f 8400 | 0000 0000 | 6666 6690 
[Verified Entry Point]
  0x00000159a004a6e0: 8984 2400 | 90ff ff55 | 4881 eca0 | 0000 0048 | 8954 2448 

  0x00000159a004a6f4: ;   {metadata(method data for {method} {0x00000159b7380db8} 'execute' '(Lorg/gradle/internal/operations/BuildOperationDescriptor;Lorg/gradle/internal/operations/BuildOperationState;Lorg/gradle/internal/operations/BuildOperationState;Lorg/gradle/internal/operations/DefaultBuildOperationRunner$ReadableBuildOperationContext;Lorg/gradle/internal/operations/DefaultBuildOperationRunner$BuildOperationExecutionListener;)Lorg/gradle/internal/operations/BuildOperation;' in 'org/gradle/internal/operations/DefaultBuildOperationRunner$2')}
  0x00000159a004a6f4: 48bb d8ed | 96b9 5901 | 0000 8b83 | cc00 0000 | 83c0 0289 | 83cc 0000 | 0081 e0fe | 0700 0083 
  0x00000159a004a714: f800 0f84 | 1506 0000 | 4889 7424 | 5048 897c | 2470 483b | 0148 8bd9 

  0x00000159a004a72c: ;   {metadata(method data for {method} {0x00000159b7380db8} 'execute' '(Lorg/gradle/internal/operations/BuildOperationDescriptor;Lorg/gradle/internal/operations/BuildOperationState;Lorg/gradle/internal/operations/BuildOperationState;Lorg/gradle/internal/operations/DefaultBuildOperationRunner$ReadableBuildOperationContext;Lorg/gradle/internal/operations/DefaultBuildOperationRunner$BuildOperationExecutionListener;)Lorg/gradle/internal/operations/BuildOperation;' in 'org/gradle/internal/operations/DefaultBuildOperationRunner$2')}
  0x00000159a004a72c: 48b8 d8ed | 96b9 5901 | 0000 8b5b | 0848 c1e3 | 0348 3b98 | 2001 0000 | 750d 4883 | 8028 0100 
  0x00000159a004a74c: 0001 e966 | 0000 0048 | 3b98 3001 | 0000 750d | 4883 8038 | 0100 0001 | e950 0000 | 0048 81b8 
  0x00000159a004a76c: 2001 0000 | 0000 0000 | 7517 4889 | 9820 0100 | 0048 c780 | 2801 0000 | 0100 0000 | e92c 0000 
  0x00000159a004a78c: 0048 81b8 | 3001 0000 | 0000 0000 | 7517 4889 | 9830 0100 | 0048 c780 | 3801 0000 | 0100 0000 
  0x00000159a004a7ac: e908 0000 | 0048 8380 | 1001 0000 | 0149 8bd8 | 4c8b c349 | 8bc1 4c8b | c848 8bd1 | 4889 4424 
  0x00000159a004a7cc: 6848 895c | 2460 4889 | 4c24 5866 | 0f1f 4400 | 0048 b8c8 | fc2b 0001 

  0x00000159a004a7e4: ;   {virtual_call}
  0x00000159a004a7e4: 0000 00e8 

  0x00000159a004a7e8: ; ImmutableOopMap {[72]=Oop [104]=Oop [96]=Oop [112]=Oop [80]=Oop [88]=Oop }
                      ;*invokeinterface start {reexecute=0 rethrow=0 return_oop=0}
                      ; - org.gradle.internal.operations.DefaultBuildOperationRunner$2::execute@7 (line 64)
  0x00000159a004a7e8: 7416 0000 | 488b 5424 | 488b 720c | 448b 4210 

  0x00000159a004a7f8: ; implicit exception: dispatches to 0x00000159a004ad57
  0x00000159a004a7f8: 483b 064c 

  0x00000159a004a7fc: ;   {metadata(method data for {method} {0x00000159b7380db8} 'execute' '(Lorg/gradle/internal/operations/BuildOperationDescriptor;Lorg/gradle/internal/operations/BuildOperationState;Lorg/gradle/internal/operations/BuildOperationState;Lorg/gradle/internal/operations/DefaultBuildOperationRunner$ReadableBuildOperationContext;Lorg/gradle/internal/operations/DefaultBuildOperationRunner$BuildOperationExecutionListener;)Lorg/gradle/internal/operations/BuildOperation;' in 'org/gradle/internal/operations/DefaultBuildOperationRunner$2')}
  0x00000159a004a7fc: 8bce 48bf | d8ed 96b9 | 5901 0000 | 458b 4908 | 49c1 e103 | 4c3b 8f58 | 0100 0075 | 0d48 8387 
  0x00000159a004a81c: 6001 0000 | 01e9 6600 | 0000 4c3b | 8f68 0100 | 0075 0d48 | 8387 7001 | 0000 01e9 | 5000 0000 
  0x00000159a004a83c: 4881 bf58 | 0100 0000 | 0000 0075 | 174c 898f | 5801 0000 | 48c7 8760 | 0100 0001 | 0000 00e9 
  0x00000159a004a85c: 2c00 0000 | 4881 bf68 | 0100 0000 | 0000 0075 | 174c 898f | 6801 0000 | 48c7 8770 | 0100 0001 
  0x00000159a004a87c: 0000 00e9 | 0800 0000 | 4883 8748 | 0100 0001 | 4c8b 4c24 | 5048 8bd6 | 9048 b880 | 36e1 bb59 
  0x00000159a004a89c: ;   {virtual_call}
  0x00000159a004a89c: 0100 00e8 

  0x00000159a004a8a0: ; ImmutableOopMap {[104]=Oop [96]=Oop [112]=Oop [80]=Oop [88]=Oop [72]=Oop }
                      ;*invokeinterface execute {reexecute=0 rethrow=0 return_oop=0}
                      ; - org.gradle.internal.operations.DefaultBuildOperationRunner$2::execute@22 (line 66)
  0x00000159a004a8a0: e426 a106 

  0x00000159a004a8a4: ;   {metadata(method data for {method} {0x00000159b7380db8} 'execute' '(Lorg/gradle/internal/operations/BuildOperationDescriptor;Lorg/gradle/internal/operations/BuildOperationState;Lorg/gradle/internal/operations/BuildOperationState;Lorg/gradle/internal/operations/DefaultBuildOperationRunner$ReadableBuildOperationContext;Lorg/gradle/internal/operations/DefaultBuildOperationRunner$BuildOperationExecutionListener;)Lorg/gradle/internal/operations/BuildOperation;' in 'org/gradle/internal/operations/DefaultBuildOperationRunner$2')}
  0x00000159a004a8a4: 48b8 d8ed | 96b9 5901 | 0000 ff80 | 8001 0000 

  0x00000159a004a8b4: ;   {oop(NULL)}
  0x00000159a004a8b4: 48bb 0000 | 0000 0000 | 0000 4889 | 5c24 7848 | 8b74 2450 | e934 0100 | 0049 8b87 | e003 0000 
  0x00000159a004a8d4: 4d33 d24d | 8997 e003 | 0000 4d33 | d24d 8997 | e803 0000 | 4883 fe00 | 0f84 2000 

  0x00000159a004a8f0: ;   {metadata('org/gradle/internal/operations/DefaultBuildOperationRunner$DefaultBuildOperationContext')}
  0x00000159a004a8f0: 0000 48ba | 9002 2c00 | 0100 0000 | 8b7e 0848 | c1e7 0348 | 3b57 380f | 854f 0400 | 00e9 0000 
  0x00000159a004a910: 0000 4c8b | c648 3b06 

  0x00000159a004a918: ;   {metadata(method data for {method} {0x00000159b7380db8} 'execute' '(Lorg/gradle/internal/operations/BuildOperationDescriptor;Lorg/gradle/internal/operations/BuildOperationState;Lorg/gradle/internal/operations/BuildOperationState;Lorg/gradle/internal/operations/DefaultBuildOperationRunner$ReadableBuildOperationContext;Lorg/gradle/internal/operations/DefaultBuildOperationRunner$BuildOperationExecutionListener;)Lorg/gradle/internal/operations/BuildOperation;' in 'org/gradle/internal/operations/DefaultBuildOperationRunner$2')}
  0x00000159a004a918: 4c8b c649 | b9d8 ed96 | b959 0100 

  0x00000159a004a924: ;   {metadata('org/gradle/internal/operations/DefaultBuildOperationRunner$DefaultBuildOperationContext')}
  0x00000159a004a924: 0049 ba90 | 022c 0001 | 0000 004d | 8991 a801 | 0000 4983 | 81b0 0100 | 0001 448b | 4614 4983 
  0x00000159a004a944: ;   {metadata(method data for {method} {0x00000159b7380db8} 'execute' '(Lorg/gradle/internal/operations/BuildOperationDescriptor;Lorg/gradle/internal/operations/BuildOperationState;Lorg/gradle/internal/operations/BuildOperationState;Lorg/gradle/internal/operations/DefaultBuildOperationRunner$ReadableBuildOperationContext;Lorg/gradle/internal/operations/DefaultBuildOperationRunner$BuildOperationExecutionListener;)Lorg/gradle/internal/operations/BuildOperation;' in 'org/gradle/internal/operations/DefaultBuildOperationRunner$2')}
  0x00000159a004a944: f800 49b8 | d8ed 96b9 | 5901 0000 | 49b9 d001 | 0000 0000 | 0000 0f85 | 0a00 0000 | 49b9 e001 
  0x00000159a004a964: 0000 0000 | 0000 4b8b | 3c08 488d | 7f01 4b89 | 3c08 0f85 | 7d00 0000 | 4883 fe00 | 0f84 2000 
  0x00000159a004a984: ;   {metadata('org/gradle/internal/operations/DefaultBuildOperationRunner$DefaultBuildOperationContext')}
  0x00000159a004a984: 0000 48ba | 9002 2c00 | 0100 0000 | 8b7e 0848 | c1e7 0348 | 3b57 380f | 85c5 0300 | 00e9 0000 
  0x00000159a004a9a4: 0000 4c8b | c64c 8bc6 

  0x00000159a004a9ac: ;   {metadata(method data for {method} {0x00000159b7380db8} 'execute' '(Lorg/gradle/internal/operations/BuildOperationDescriptor;Lorg/gradle/internal/operations/BuildOperationState;Lorg/gradle/internal/operations/BuildOperationState;Lorg/gradle/internal/operations/DefaultBuildOperationRunner$ReadableBuildOperationContext;Lorg/gradle/internal/operations/DefaultBuildOperationRunner$BuildOperationExecutionListener;)Lorg/gradle/internal/operations/BuildOperation;' in 'org/gradle/internal/operations/DefaultBuildOperationRunner$2')}
  0x00000159a004a9ac: 49b9 d8ed | 96b9 5901 

  0x00000159a004a9b4: ;   {metadata('org/gradle/internal/operations/DefaultBuildOperationRunner$DefaultBuildOperationContext')}
  0x00000159a004a9b4: 0000 49ba | 9002 2c00 | 0100 0000 | 4d89 9100 | 0200 0049 | 8381 0802 | 0000 0145 | 0fbe 4738 
  0x00000159a004a9d4: 4183 f800 | 0f85 8d03 | 0000 4c8b | d044 8956 | 144c 8bc6 | 4c33 c049 | c1e8 1449 | 83f8 000f 
  0x00000159a004a9f4: 858e 0300 | 0048 8bd8 | 4889 5c24 | 7848 8b7c | 2470 488b 

  0x00000159a004aa08: ;   {metadata(method data for {method} {0x00000159b7380db8} 'execute' '(Lorg/gradle/internal/operations/BuildOperationDescriptor;Lorg/gradle/internal/operations/BuildOperationState;Lorg/gradle/internal/operations/BuildOperationState;Lorg/gradle/internal/operations/DefaultBuildOperationRunner$ReadableBuildOperationContext;Lorg/gradle/internal/operations/DefaultBuildOperationRunner$BuildOperationExecutionListener;)Lorg/gradle/internal/operations/BuildOperation;' in 'org/gradle/internal/operations/DefaultBuildOperationRunner$2')}
  0x00000159a004aa08: 4c24 5849 | b8d8 ed96 | b959 0100 | 008b 4908 | 48c1 e103 | 493b 8838 | 0200 0075 | 0d49 8380 
  0x00000159a004aa28: 4002 0000 | 01e9 6600 | 0000 493b | 8848 0200 | 0075 0d49 | 8380 5002 | 0000 01e9 | 5000 0000 
  0x00000159a004aa48: 4981 b838 | 0200 0000 | 0000 0075 | 1749 8988 | 3802 0000 | 49c7 8040 | 0200 0001 | 0000 00e9 
  0x00000159a004aa68: 2c00 0000 | 4981 b848 | 0200 0000 | 0000 0075 | 1749 8988 | 4802 0000 | 49c7 8050 | 0200 0001 
  0x00000159a004aa88: 0000 00e9 | 0800 0000 | 4983 8028 | 0200 0001 | 4c8b 4424 | 604c 8b4c | 2468 488b | 5424 5866 
  0x00000159a004aaa8: 0f1f 4400 | 0048 b8c8 | fc2b 0001 

  0x00000159a004aab4: ;   {virtual_call}
  0x00000159a004aab4: 0000 00e8 

  0x00000159a004aab8: ; ImmutableOopMap {[104]=Oop [96]=Oop [88]=Oop [72]=Oop [120]=Oop }
                      ;*invokeinterface stop {reexecute=0 rethrow=0 return_oop=0}
                      ; - org.gradle.internal.operations.DefaultBuildOperationRunner$2::execute@62 (line 73)
  0x00000159a004aab8: c469 0000 | 488b 5c24 | 7848 83fb 

  0x00000159a004aac4: ;   {metadata(method data for {method} {0x00000159b7380db8} 'execute' '(Lorg/gradle/internal/operations/BuildOperationDescriptor;Lorg/gradle/internal/operations/BuildOperationState;Lorg/gradle/internal/operations/BuildOperationState;Lorg/gradle/internal/operations/DefaultBuildOperationRunner$ReadableBuildOperationContext;Lorg/gradle/internal/operations/DefaultBuildOperationRunner$BuildOperationExecutionListener;)Lorg/gradle/internal/operations/BuildOperation;' in 'org/gradle/internal/operations/DefaultBuildOperationRunner$2')}
  0x00000159a004aac4: 0049 b8d8 | ed96 b959 | 0100 0049 | b970 0200 | 0000 0000 | 000f 850a | 0000 0049 | b960 0200 
  0x00000159a004aae4: 0000 0000 | 004b 8b14 | 0848 8d52 | 014b 8914 | 080f 85df | 0000 0048 | 8b54 2448 | 8b72 1048 
  0x00000159a004ab04: 89b4 2480 | 0000 0048 | 8b4c 2458 

  0x00000159a004ab10: ;   {metadata(method data for {method} {0x00000159b7380db8} 'execute' '(Lorg/gradle/internal/operations/BuildOperationDescriptor;Lorg/gradle/internal/operations/BuildOperationState;Lorg/gradle/internal/operations/BuildOperationState;Lorg/gradle/internal/operations/DefaultBuildOperationRunner$ReadableBuildOperationContext;Lorg/gradle/internal/operations/DefaultBuildOperationRunner$BuildOperationExecutionListener;)Lorg/gradle/internal/operations/BuildOperation;' in 'org/gradle/internal/operations/DefaultBuildOperationRunner$2')}
  0x00000159a004ab10: 49b8 d8ed | 96b9 5901 | 0000 8b49 | 0848 c1e1 | 0349 3b88 | a002 0000 | 750d 4983 | 80a8 0200 
  0x00000159a004ab30: 0001 e966 | 0000 0049 | 3b88 b002 | 0000 750d | 4983 80b8 | 0200 0001 | e950 0000 | 0049 81b8 
  0x00000159a004ab50: a002 0000 | 0000 0000 | 7517 4989 | 88a0 0200 | 0049 c780 | a802 0000 | 0100 0000 | e92c 0000 
  0x00000159a004ab70: 0049 81b8 | b002 0000 | 0000 0000 | 7517 4989 | 88b0 0200 | 0049 c780 | b802 0000 | 0100 0000 
  0x00000159a004ab90: e908 0000 | 0049 8380 | 9002 0000 | 014c 8b44 | 2460 4c8b | 4c24 6848 | 8b54 2458 | 9048 b8c8 
  0x00000159a004abb0: fc2b 0001 

  0x00000159a004abb4: ;   {virtual_call}
  0x00000159a004abb4: 0000 00e8 

  0x00000159a004abb8: ; ImmutableOopMap {[128]=Oop }
                      ;*invokeinterface close {reexecute=0 rethrow=0 return_oop=0}
                      ; - org.gradle.internal.operations.DefaultBuildOperationRunner$2::execute@88 (line 79)
  0x00000159a004abb8: 6461 0700 | 488b 8424 | 8000 0000 | 4881 c4a0 | 0000 005d 

  0x00000159a004abcc: ;   {poll_return}
  0x00000159a004abcc: 493b a750 | 0300 000f | 87c6 0100 

  0x00000159a004abd8: ;   {metadata(method data for {method} {0x00000159b7380db8} 'execute' '(Lorg/gradle/internal/operations/BuildOperationDescriptor;Lorg/gradle/internal/operations/BuildOperationState;Lorg/gradle/internal/operations/BuildOperationState;Lorg/gradle/internal/operations/DefaultBuildOperationRunner$ReadableBuildOperationContext;Lorg/gradle/internal/operations/DefaultBuildOperationRunner$BuildOperationExecutionListener;)Lorg/gradle/internal/operations/BuildOperation;' in 'org/gradle/internal/operations/DefaultBuildOperationRunner$2')}
  0x00000159a004abd8: 00c3 48ba | d8ed 96b9 | 5901 0000 | 4883 8280 | 0200 0001 

  0x00000159a004abec: ;   {metadata(method data for {method} {0x00000159b7285128} 'access$100' '(Ljava/lang/Throwable;)Ljava/lang/RuntimeException;' in 'org/gradle/internal/operations/DefaultBuildOperationRunner')}
  0x00000159a004abec: 48ba 40f1 | 96b9 5901 | 0000 8bb2 | cc00 0000 | 83c6 0289 | b2cc 0000 | 0081 e6fe | ff1f 0083 
  0x00000159a004ac0c: fe00 0f84 | a101 0000 

  0x00000159a004ac14: ;   {metadata(method data for {method} {0x00000159b7285128} 'access$100' '(Ljava/lang/Throwable;)Ljava/lang/RuntimeException;' in 'org/gradle/internal/operations/DefaultBuildOperationRunner')}
  0x00000159a004ac14: 48ba 40f1 | 96b9 5901 | 0000 4883 | 8210 0100 | 0001 488b | d366 0f1f 

  0x00000159a004ac2c: ;   {static_call}
  0x00000159a004ac2c: 4400 00e8 

  0x00000159a004ac30: ; ImmutableOopMap {[104]=Oop [96]=Oop [88]=Oop }
                      ;*invokestatic throwAsBuildOperationInvocationException {reexecute=0 rethrow=0 return_oop=0}
                      ; - org.gradle.internal.operations.DefaultBuildOperationRunner::access$100@1 (line 24)
                      ; - org.gradle.internal.operations.DefaultBuildOperationRunner$2::execute@74 (line 75)
  0x00000159a004ac30: 4c6d 9606 

  0x00000159a004ac34: ; implicit exception: dispatches to 0x00000159a004add6
                      ; ImmutableOopMap {[104]=Oop [96]=Oop [88]=Oop rax=Oop }
                      ;*athrow {reexecute=1 rethrow=0 return_oop=0}
                      ; - (reexecute) org.gradle.internal.operations.DefaultBuildOperationRunner$2::execute@77 (line 75)
                      ;   {section_word}
  0x00000159a004ac34: 483b 0048 | ba37 ac04 | a059 0100 

  0x00000159a004ac40: ;   {runtime_call handle_exception_nofpu Runtime1 stub}
  0x00000159a004ac40: 00e8 3ab8 | a006 9049 | 8b87 e003 | 0000 4d33 | d24d 8997 | e003 0000 | 4d33 d24d | 8997 e803 
  0x00000159a004ac60: 0000 4889 | 8424 8800 | 0000 488b | 4c24 584c | 8b4c 2468 | 4c8b 4424 | 6048 3b01 

  0x00000159a004ac7c: ;   {metadata(method data for {method} {0x00000159b7380db8} 'execute' '(Lorg/gradle/internal/operations/BuildOperationDescriptor;Lorg/gradle/internal/operations/BuildOperationState;Lorg/gradle/internal/operations/BuildOperationState;Lorg/gradle/internal/operations/DefaultBuildOperationRunner$ReadableBuildOperationContext;Lorg/gradle/internal/operations/DefaultBuildOperationRunner$BuildOperationExecutionListener;)Lorg/gradle/internal/operations/BuildOperation;' in 'org/gradle/internal/operations/DefaultBuildOperationRunner$2')}
  0x00000159a004ac7c: 488b d148 | bed8 ed96 | b959 0100 | 008b 5208 | 48c1 e203 | 483b 96d8 | 0200 0075 | 0d48 8386 
  0x00000159a004ac9c: e002 0000 | 01e9 6600 | 0000 483b | 96e8 0200 | 0075 0d48 | 8386 f002 | 0000 01e9 | 5000 0000 
  0x00000159a004acbc: 4881 bed8 | 0200 0000 | 0000 0075 | 1748 8996 | d802 0000 | 48c7 86e0 | 0200 0001 | 0000 00e9 
  0x00000159a004acdc: 2c00 0000 | 4881 bee8 | 0200 0000 | 0000 0075 | 1748 8996 | e802 0000 | 48c7 86f0 | 0200 0001 
  0x00000159a004acfc: 0000 00e9 | 0800 0000 | 4883 86c8 | 0200 0001 | 488b d166 | 0f1f 4400 | 0048 b8ff | ffff ffff 
  0x00000159a004ad1c: ;   {virtual_call}
  0x00000159a004ad1c: ffff ffe8 

  0x00000159a004ad20: ; ImmutableOopMap {[136]=Oop }
                      ;*invokeinterface close {reexecute=0 rethrow=0 return_oop=0}
                      ; - org.gradle.internal.operations.DefaultBuildOperationRunner$2::execute@102 (line 79)
  0x00000159a004ad20: 5c69 9606 | 488b 8424 | 8800 0000 | e9f6 0000 

  0x00000159a004ad30: ;   {metadata({method} {0x00000159b7380db8} 'execute' '(Lorg/gradle/internal/operations/BuildOperationDescriptor;Lorg/gradle/internal/operations/BuildOperationState;Lorg/gradle/internal/operations/BuildOperationState;Lorg/gradle/internal/operations/DefaultBuildOperationRunner$ReadableBuildOperationContext;Lorg/gradle/internal/operations/DefaultBuildOperationRunner$BuildOperationExecutionListener;)Lorg/gradle/internal/operations/BuildOperation;' in 'org/gradle/internal/operations/DefaultBuildOperationRunner$2')}
  0x00000159a004ad30: 0049 bab0 | 0d38 b759 | 0100 004c | 8954 2408 | 48c7 0424 | ffff ffff 

  0x00000159a004ad48: ;   {runtime_call counter_overflow Runtime1 stub}
  0x00000159a004ad48: e833 f0a0 

  0x00000159a004ad4c: ; ImmutableOopMap {rdx=Oop [72]=Oop r8=Oop r9=Oop rdi=Oop rsi=Oop rcx=Oop }
                      ;*synchronization entry
                      ; - org.gradle.internal.operations.DefaultBuildOperationRunner$2::execute@-1 (line 62)
  0x00000159a004ad4c: 06e9 caf9 

  0x00000159a004ad50: ;   {runtime_call throw_null_pointer_exception Runtime1 stub}
  0x00000159a004ad50: ffff e849 

  0x00000159a004ad54: ; ImmutableOopMap {r8=Oop r9=Oop rcx=Oop [72]=Oop [80]=Oop [112]=Oop }
                      ;*invokeinterface start {reexecute=0 rethrow=0 return_oop=0}
                      ; - org.gradle.internal.operations.DefaultBuildOperationRunner$2::execute@7 (line 64)
                      ;   {runtime_call throw_null_pointer_exception Runtime1 stub}
  0x00000159a004ad54: 9fa0 06e8 

  0x00000159a004ad58: ; ImmutableOopMap {[104]=Oop [96]=Oop [112]=Oop [80]=Oop [88]=Oop rdx=Oop [72]=Oop rsi=Oop r8=Oop }
                      ;*invokeinterface execute {reexecute=0 rethrow=0 return_oop=0}
                      ; - org.gradle.internal.operations.DefaultBuildOperationRunner$2::execute@22 (line 66)
  0x00000159a004ad58: 449f a006 

  0x00000159a004ad5c: ;   {runtime_call throw_incompatible_class_change_error Runtime1 stub}
  0x00000159a004ad5c: e83f c6a0 

  0x00000159a004ad60: ; ImmutableOopMap {[104]=Oop [96]=Oop [112]=Oop [88]=Oop [72]=Oop rsi=Oop rax=Oop }
                      ;*invokeinterface getFailure {reexecute=0 rethrow=0 return_oop=0}
                      ; - org.gradle.internal.operations.DefaultBuildOperationRunner$2::execute@34 (line 68)
                      ;   {runtime_call throw_null_pointer_exception Runtime1 stub}
  0x00000159a004ad60: 06e8 3a9f 

  0x00000159a004ad64: ; ImmutableOopMap {[104]=Oop [96]=Oop [112]=Oop [88]=Oop [72]=Oop rsi=Oop rax=Oop }
                      ;*invokeinterface getFailure {reexecute=0 rethrow=0 return_oop=0}
                      ; - org.gradle.internal.operations.DefaultBuildOperationRunner$2::execute@34 (line 68)
                      ;   {runtime_call throw_incompatible_class_change_error Runtime1 stub}
  0x00000159a004ad64: a006 e835 

  0x00000159a004ad68: ; ImmutableOopMap {[104]=Oop [96]=Oop [112]=Oop [88]=Oop [72]=Oop rsi=Oop rax=Oop }
                      ;*invokeinterface failed {reexecute=0 rethrow=0 return_oop=0}
                      ; - org.gradle.internal.operations.DefaultBuildOperationRunner$2::execute@46 (line 69)
  0x00000159a004ad68: c6a0 0644 | 8b46 1449 | 83f8 000f | 8465 fcff | ff4c 8904 

  0x00000159a004ad7c: ;   {runtime_call g1_pre_barrier_slow}
  0x00000159a004ad7c: 24e8 fef5 | a006 e957 | fcff ff48 | 83f8 000f | 8468 fcff | ff48 8934 

  0x00000159a004ad94: ;   {runtime_call g1_post_barrier_slow}
  0x00000159a004ad94: 24e8 e6f8 | a006 e95a 

  0x00000159a004ad9c: ;   {internal_word}
  0x00000159a004ad9c: fcff ff49 | bacc ab04 | a059 0100 | 004d 8997 | 6803 0000 

  0x00000159a004adb0: ;   {runtime_call SafepointBlob}
  0x00000159a004adb0: e94b cc96 

  0x00000159a004adb4: ;   {metadata({method} {0x00000159b7285128} 'access$100' '(Ljava/lang/Throwable;)Ljava/lang/RuntimeException;' in 'org/gradle/internal/operations/DefaultBuildOperationRunner')}
  0x00000159a004adb4: 0649 ba20 | 5128 b759 | 0100 004c | 8954 2408 | 48c7 0424 | ffff ffff 

  0x00000159a004adcc: ;   {runtime_call counter_overflow Runtime1 stub}
  0x00000159a004adcc: e8af efa0 

  0x00000159a004add0: ; ImmutableOopMap {rbx=Oop [104]=Oop [96]=Oop [88]=Oop }
                      ;*synchronization entry
                      ; - org.gradle.internal.operations.DefaultBuildOperationRunner::access$100@-1 (line 24)
                      ; - org.gradle.internal.operations.DefaultBuildOperationRunner$2::execute@74 (line 75)
  0x00000159a004add0: 06e9 3efe 

  0x00000159a004add4: ;   {runtime_call throw_null_pointer_exception Runtime1 stub}
  0x00000159a004add4: ffff e8c5 

  0x00000159a004add8: ; ImmutableOopMap {[104]=Oop [96]=Oop [88]=Oop rax=Oop }
                      ;*athrow {reexecute=1 rethrow=0 return_oop=0}
                      ; - (reexecute) org.gradle.internal.operations.DefaultBuildOperationRunner$2::execute@77 (line 75)
                      ;   {runtime_call throw_null_pointer_exception Runtime1 stub}
  0x00000159a004add8: 9ea0 06e8 

  0x00000159a004addc: ; ImmutableOopMap {[136]=Oop rcx=Oop r9=Oop r8=Oop }
                      ;*invokeinterface close {reexecute=0 rethrow=0 return_oop=0}
                      ; - org.gradle.internal.operations.DefaultBuildOperationRunner$2::execute@102 (line 79)
  0x00000159a004addc: c09e a006 | 488b 7424 | 50e9 e3fa | ffff 4889 | 4c24 584c | 894c 2468 | 4c89 4424 | 60e9 49fe 
  0x00000159a004adfc: ffff 488b | 7424 50e9 | c5fa ffff | 9090 498b | 87e0 0300 | 0049 c787 | e003 0000 | 0000 0000 
  0x00000159a004ae1c: 49c7 87e8 | 0300 0000 | 0000 0048 | 81c4 a000 

  0x00000159a004ae2c: ;   {runtime_call unwind_exception Runtime1 stub}
  0x00000159a004ae2c: 0000 5de9 | 4c8c a006 | f4f4 f4f4 | f4f4 f4f4 | f4f4 f4f4 
[Stub Code]
  0x00000159a004ae40: ;   {no_reloc}
  0x00000159a004ae40: 0f1f 4400 

  0x00000159a004ae44: ;   {static_stub}
  0x00000159a004ae44: 0048 bb00 | 0000 0000 

  0x00000159a004ae4c: ;   {runtime_call}
  0x00000159a004ae4c: 0000 00e9 | fbff ffff 

  0x00000159a004ae54: ;   {static_stub}
  0x00000159a004ae54: 9048 bb00 | 0000 0000 

  0x00000159a004ae5c: ;   {runtime_call}
  0x00000159a004ae5c: 0000 00e9 | fbff ffff 

  0x00000159a004ae64: ;   {static_stub}
  0x00000159a004ae64: 9048 bb00 | 0000 0000 

  0x00000159a004ae6c: ;   {runtime_call}
  0x00000159a004ae6c: 0000 00e9 | fbff ffff 

  0x00000159a004ae74: ;   {static_stub}
  0x00000159a004ae74: 9048 bb00 | 0000 0000 

  0x00000159a004ae7c: ;   {runtime_call}
  0x00000159a004ae7c: 0000 00e9 | fbff ffff 

  0x00000159a004ae84: ;   {static_stub}
  0x00000159a004ae84: 9048 bb00 | 0000 0000 

  0x00000159a004ae8c: ;   {runtime_call}
  0x00000159a004ae8c: 0000 00e9 | fbff ffff 

  0x00000159a004ae94: ;   {static_stub}
  0x00000159a004ae94: 9048 bb00 | 0000 0000 

  0x00000159a004ae9c: ;   {runtime_call}
  0x00000159a004ae9c: 0000 00e9 | fbff ffff 
[Exception Handler]
  0x00000159a004aea4: ;   {runtime_call handle_exception_from_callee Runtime1 stub}
  0x00000159a004aea4: e8d7 bba0 

  0x00000159a004aea8: ;   {external_word}
  0x00000159a004aea8: 0648 b9e0 | 6d5a 8dfb | 7f00 0048 

  0x00000159a004aeb4: ;   {runtime_call}
  0x00000159a004aeb4: 83e4 f049 | ba30 ce22 | 8dfb 7f00 | 0041 ffd2 

  0x00000159a004aec4: ;   {section_word}
  0x00000159a004aec4: f449 bac5 | ae04 a059 | 0100 0041 

  0x00000159a004aed0: ;   {runtime_call DeoptimizationBlob}
  0x00000159a004aed0: 52e9 cabd | 9606 f4f4 
[/MachCode]


---------------  P R O C E S S  ---------------

Threads class SMR info:
_java_thread_list=0x00000159bcc72de0, length=208, elements={
0x000001599bf5c140, 0x00000159b50a8560, 0x00000159b50aa3f0, 0x00000159b50fb5a0,
0x00000159b50fe830, 0x00000159b5102470, 0x00000159b5102e30, 0x00000159b5115340,
0x00000159b5119240, 0x00000159b5122b70, 0x00000159b528be60, 0x00000159b5290350,
0x00000159baf21050, 0x00000159bb2526b0, 0x00000159ba051800, 0x00000159bb730780,
0x00000159bb16b620, 0x00000159bb151680, 0x00000159bb1539f0, 0x00000159bb151b90,
0x00000159bb153f00, 0x00000159bb152fd0, 0x00000159bb1520a0, 0x00000159bb150c60,
0x00000159bb152ac0, 0x00000159bb1534e0, 0x00000159bb154410, 0x00000159bb151170,
0x00000159bbb73920, 0x00000159bbb7a880, 0x00000159bbb75270, 0x00000159bbb78510,
0x00000159bbb766b0, 0x00000159bbb75780, 0x00000159bbb74850, 0x00000159bbb73410,
0x00000159bbb7ad90, 0x00000159bbb75c90, 0x00000159bbb74340, 0x00000159bbb78f30,
0x00000159bbb79950, 0x00000159bbb74d60, 0x00000159bbb761a0, 0x00000159bbb79440,
0x00000159bbb78a20, 0x00000159bbb770d0, 0x00000159bbb76bc0, 0x00000159bbb775e0,
0x00000159bbb77af0, 0x00000159bbb78000, 0x00000159bbb79e60, 0x00000159bc8ef670,
0x00000159bc8f14d0, 0x00000159bc8f0090, 0x00000159bc8edd20, 0x00000159bc8ed810,
0x00000159bc8eb9b0, 0x00000159bc8f0fc0, 0x00000159bc8ee230, 0x00000159bc8ec8e0,
0x00000159bc8ec3d0, 0x00000159bc8eb4a0, 0x00000159bc8ee740, 0x00000159bc8eaf90,
0x00000159bc8ea060, 0x00000159bc8f19e0, 0x00000159bc8f0ab0, 0x00000159bc8ecdf0,
0x00000159bc8ef160, 0x00000159bc8eec50, 0x00000159bc8ea570, 0x00000159bc8efb80,
0x00000159bc8eaa80, 0x00000159bc8f05a0, 0x00000159bc8ed300, 0x00000159bc8ebec0,
0x00000159bcf7c220, 0x00000159bcf799a0, 0x00000159bcf7eaa0, 0x00000159bcf7efb0,
0x00000159bcf7f4c0, 0x00000159bcf7c730, 0x00000159bcf7f9d0, 0x00000159bcf7b2f0,
0x00000159bcf7ade0, 0x00000159bcf78f80, 0x00000159bcf78560, 0x00000159bcf78a70,
0x00000159bcf7b800, 0x00000159bcf7e080, 0x00000159bcf7fee0, 0x00000159bcf79eb0,
0x00000159bcf7cc40, 0x00000159bcf79490, 0x00000159bcf7a3c0, 0x00000159bcf7db70,
0x00000159bcf7bd10, 0x00000159bcf7d150, 0x00000159bcf7e590, 0x00000159bcf7a8d0,
0x00000159bcf7d660, 0x00000159bd1ecd90, 0x00000159bd1ef610, 0x00000159bd1ed7b0,
0x00000159bd1edcc0, 0x00000159bd1ee6e0, 0x00000159bd1f0a50, 0x00000159bd1ee1d0,
0x00000159bd1f0f60, 0x00000159bd1eb950, 0x00000159bd1f28b0, 0x00000159bd1eb440,
0x00000159bd1f1470, 0x00000159bd1ed2a0, 0x00000159bd1eebf0, 0x00000159bd1ef100,
0x00000159bd1ebe60, 0x00000159bd1efb20, 0x00000159bd1f1e90, 0x00000159bd1f2dc0,
0x00000159bd1ec370, 0x00000159bd1f0030, 0x00000159bd1f0540, 0x00000159bd1f1980,
0x00000159bd1f23a0, 0x00000159bd1ec880, 0x00000159bd19edb0, 0x00000159bd1997a0,
0x00000159bd19a6d0, 0x00000159bd19abe0, 0x00000159bd1a0c10, 0x00000159bd19e8a0,
0x00000159bd19de80, 0x00000159bd19ca40, 0x00000159bd19cf50, 0x00000159bd1a1120,
0x00000159bd19e390, 0x00000159bd19b600, 0x00000159bd19d460, 0x00000159bd199cb0,
0x00000159bd19f7d0, 0x00000159bd19d970, 0x00000159bd19f2c0, 0x00000159bd1a0700,
0x00000159bd19fce0, 0x00000159bd19bb10, 0x00000159bd19a1c0, 0x00000159bd19b0f0,
0x00000159bd1a01f0, 0x00000159bd19c020, 0x00000159bd19c530, 0x00000159bd1d0e90,
0x00000159bd1d13a0, 0x00000159bd1d2cf0, 0x00000159bd1d3c20, 0x00000159bd1d4130,
0x00000159bd1d18b0, 0x00000159bd1d3710, 0x00000159bd1cfa50, 0x00000159bd1d4640,
0x00000159bd1d5570, 0x00000159bd1d5a80, 0x00000159bd1d1dc0, 0x00000159bd1d64a0,
0x00000159bd1d0470, 0x00000159bd1d5f90, 0x00000159bd1d69b0, 0x00000159bd1d6ec0,
0x00000159bd1d73d0, 0x00000159bd1d27e0, 0x00000159bd1d4b50, 0x00000159bd1d3200,
0x00000159bd1d0980, 0x00000159be141550, 0x00000159be13e7c0, 0x00000159be13e2b0,
0x00000159be140110, 0x00000159be13ecd0, 0x00000159be13b520, 0x00000159be141040,
0x00000159be13dda0, 0x00000159be140b30, 0x00000159be13a0e0, 0x00000159be140620,
0x00000159be13a5f0, 0x00000159be13ab00, 0x00000159be13b010, 0x00000159be13f1e0,
0x00000159be13c450, 0x00000159be13f6f0, 0x00000159be13c960, 0x00000159be13ba30,
0x00000159be141a60, 0x00000159be13fc00, 0x00000159be13bf40, 0x00000159be13d890,
0x00000159c353bb20, 0x00000159c353c030, 0x00000159c3537950, 0x00000159c3536000,
0x00000159c3538d90, 0x00000159c353c540, 0x00000159c35392a0, 0x00000159c3536510,
0x00000159c3535af0, 0x00000159c3537e60, 0x00000159c353b100, 0x00000159c353abf0
}

Java Threads: ( => current thread )
  0x000001599bf5c140 JavaThread "main" [_thread_blocked, id=76036, stack(0x0000002565a00000,0x0000002565b00000)]
  0x00000159b50a8560 JavaThread "Reference Handler" daemon [_thread_blocked, id=127268, stack(0x0000002566100000,0x0000002566200000)]
  0x00000159b50aa3f0 JavaThread "Finalizer" daemon [_thread_blocked, id=127044, stack(0x0000002566200000,0x0000002566300000)]
  0x00000159b50fb5a0 JavaThread "Signal Dispatcher" daemon [_thread_blocked, id=18132, stack(0x0000002566300000,0x0000002566400000)]
  0x00000159b50fe830 JavaThread "Attach Listener" daemon [_thread_blocked, id=122332, stack(0x0000002566400000,0x0000002566500000)]
  0x00000159b5102470 JavaThread "Service Thread" daemon [_thread_blocked, id=130532, stack(0x0000002566500000,0x0000002566600000)]
  0x00000159b5102e30 JavaThread "Monitor Deflation Thread" daemon [_thread_blocked, id=31284, stack(0x0000002566600000,0x0000002566700000)]
  0x00000159b5115340 JavaThread "C2 CompilerThread0" daemon [_thread_in_native, id=124688, stack(0x0000002566700000,0x0000002566800000)]
  0x00000159b5119240 JavaThread "C1 CompilerThread0" daemon [_thread_in_vm, id=126068, stack(0x0000002566800000,0x0000002566900000)]
  0x00000159b5122b70 JavaThread "Sweeper thread" daemon [_thread_blocked, id=128336, stack(0x0000002566900000,0x0000002566a00000)]
  0x00000159b528be60 JavaThread "Common-Cleaner" daemon [_thread_blocked, id=127852, stack(0x0000002566a00000,0x0000002566b00000)]
  0x00000159b5290350 JavaThread "Notification Thread" daemon [_thread_blocked, id=120252, stack(0x0000002566b00000,0x0000002566c00000)]
  0x00000159baf21050 JavaThread "Daemon health stats" [_thread_blocked, id=129236, stack(0x0000002567200000,0x0000002567300000)]
  0x00000159bb2526b0 JavaThread "Incoming local TCP Connector on port 52711" [_thread_in_native, id=125252, stack(0x0000002567300000,0x0000002567400000)]
  0x00000159ba051800 JavaThread "Daemon periodic checks" [_thread_blocked, id=126268, stack(0x0000002567400000,0x0000002567500000)]
  0x00000159bb730780 JavaThread "Daemon" [_thread_blocked, id=130848, stack(0x0000002567500000,0x0000002567600000)]
  0x00000159bb16b620 JavaThread "Handler for socket connection from /127.0.0.1:52711 to /127.0.0.1:52712" [_thread_in_native, id=129928, stack(0x0000002567600000,0x0000002567700000)]
  0x00000159bb151680 JavaThread "Cancel handler" [_thread_blocked, id=123604, stack(0x0000002567700000,0x0000002567800000)]
  0x00000159bb1539f0 JavaThread "Daemon worker" [_thread_blocked, id=122188, stack(0x0000002567800000,0x0000002567900000)]
  0x00000159bb151b90 JavaThread "Asynchronous log dispatcher for DefaultDaemonConnection: socket connection from /127.0.0.1:52711 to /127.0.0.1:52712" [_thread_blocked, id=60352, stack(0x0000002567900000,0x0000002567a00000)]
  0x00000159bb153f00 JavaThread "Stdin handler" [_thread_blocked, id=121972, stack(0x0000002567a00000,0x0000002567b00000)]
  0x00000159bb152fd0 JavaThread "Daemon client event forwarder" [_thread_blocked, id=126672, stack(0x0000002567b00000,0x0000002567c00000)]
  0x00000159bb1520a0 JavaThread "Cache worker for journal cache (C:\Users\USER-PC\.gradle\caches\journal-1)" [_thread_blocked, id=129512, stack(0x0000002567c00000,0x0000002567d00000)]
  0x00000159bb150c60 JavaThread "File lock request listener" [_thread_in_native, id=125412, stack(0x0000002567d00000,0x0000002567e00000)]
  0x00000159bb152ac0 JavaThread "Cache worker for file hash cache (C:\Users\USER-PC\.gradle\caches\7.5\fileHashes)" [_thread_blocked, id=127800, stack(0x0000002568400000,0x0000002568500000)]
  0x00000159bb1534e0 JavaThread "File watcher server" daemon [_thread_in_native, id=122180, stack(0x0000002568500000,0x0000002568600000)]
  0x00000159bb154410 JavaThread "File watcher consumer" daemon [_thread_blocked, id=129324, stack(0x0000002568600000,0x0000002568700000)]
  0x00000159bb151170 JavaThread "Cache worker for checksums cache (C:\Users\USER-PC\AndroidStudioProjects\Movil2\.gradle\7.5\checksums)" [_thread_blocked, id=125668, stack(0x0000002568700000,0x0000002568800000)]
  0x00000159bbb73920 JavaThread "Cache worker for cache directory md-rule (C:\Users\USER-PC\.gradle\caches\7.5\md-rule)" [_thread_blocked, id=121656, stack(0x0000002568800000,0x0000002568900000)]
  0x00000159bbb7a880 JavaThread "Cache worker for file content cache (C:\Users\USER-PC\.gradle\caches\7.5\fileContent)" [_thread_blocked, id=115812, stack(0x0000002568900000,0x0000002568a00000)]
  0x00000159bbb75270 JavaThread "Cache worker for file hash cache (C:\Users\USER-PC\AndroidStudioProjects\Movil2\.gradle\7.5\fileHashes)" [_thread_blocked, id=130300, stack(0x0000002568a00000,0x0000002568b00000)]
  0x00000159bbb78510 JavaThread "Cache worker for cache directory md-supplier (C:\Users\USER-PC\.gradle\caches\7.5\md-supplier)" [_thread_blocked, id=126536, stack(0x0000002568b00000,0x0000002568c00000)]
  0x00000159bbb766b0 JavaThread "Cache worker for execution history cache (C:\Users\USER-PC\.gradle\caches\7.5\executionHistory)" [_thread_blocked, id=125460, stack(0x0000002568c00000,0x0000002568d00000)]
  0x00000159bbb75780 JavaThread "jar transforms" [_thread_blocked, id=122280, stack(0x0000002568d00000,0x0000002568e00000)]
  0x00000159bbb74850 JavaThread "jar transforms Thread 2" [_thread_blocked, id=127016, stack(0x0000002568e00000,0x0000002568f00000)]
  0x00000159bbb73410 JavaThread "Cache worker for dependencies-accessors (C:\Users\USER-PC\AndroidStudioProjects\Movil2\.gradle\7.5\dependencies-accessors)" [_thread_blocked, id=130160, stack(0x0000002568f00000,0x0000002569000000)]
  0x00000159bbb7ad90 JavaThread "jar transforms Thread 3" [_thread_blocked, id=129076, stack(0x0000002569000000,0x0000002569100000)]
  0x00000159bbb75c90 JavaThread "Cache worker for Build Output Cleanup Cache (C:\Users\USER-PC\AndroidStudioProjects\Movil2\.gradle\buildOutputCleanup)" [_thread_blocked, id=126404, stack(0x0000002569100000,0x0000002569200000)]
  0x00000159bbb74340 JavaThread "Unconstrained build operations" [_thread_blocked, id=125044, stack(0x0000002569200000,0x0000002569300000)]
  0x00000159bbb78f30 JavaThread "Unconstrained build operations Thread 2" [_thread_blocked, id=125992, stack(0x0000002569300000,0x0000002569400000)]
  0x00000159bbb79950 JavaThread "Unconstrained build operations Thread 3" [_thread_blocked, id=96300, stack(0x0000002569400000,0x0000002569500000)]
  0x00000159bbb74d60 JavaThread "Unconstrained build operations Thread 4" [_thread_blocked, id=104100, stack(0x0000002569500000,0x0000002569600000)]
  0x00000159bbb761a0 JavaThread "Unconstrained build operations Thread 5" [_thread_blocked, id=129924, stack(0x0000002569600000,0x0000002569700000)]
  0x00000159bbb79440 JavaThread "Unconstrained build operations Thread 6" [_thread_blocked, id=126712, stack(0x0000002569700000,0x0000002569800000)]
  0x00000159bbb78a20 JavaThread "Unconstrained build operations Thread 7" [_thread_blocked, id=125260, stack(0x0000002569800000,0x0000002569900000)]
  0x00000159bbb770d0 JavaThread "Unconstrained build operations Thread 8" [_thread_blocked, id=49356, stack(0x0000002569900000,0x0000002569a00000)]
  0x00000159bbb76bc0 JavaThread "Unconstrained build operations Thread 9" [_thread_blocked, id=122772, stack(0x0000002569a00000,0x0000002569b00000)]
  0x00000159bbb775e0 JavaThread "Unconstrained build operations Thread 10" [_thread_blocked, id=124016, stack(0x0000002569b00000,0x0000002569c00000)]
  0x00000159bbb77af0 JavaThread "Unconstrained build operations Thread 11" [_thread_blocked, id=127428, stack(0x0000002569c00000,0x0000002569d00000)]
  0x00000159bbb78000 JavaThread "Unconstrained build operations Thread 12" [_thread_blocked, id=129300, stack(0x0000002569d00000,0x0000002569e00000)]
  0x00000159bbb79e60 JavaThread "Unconstrained build operations Thread 13" [_thread_blocked, id=124548, stack(0x0000002569e00000,0x0000002569f00000)]
  0x00000159bc8ef670 JavaThread "Unconstrained build operations Thread 14" [_thread_blocked, id=124532, stack(0x0000002569f00000,0x000000256a000000)]
  0x00000159bc8f14d0 JavaThread "Unconstrained build operations Thread 15" [_thread_blocked, id=129712, stack(0x000000256a000000,0x000000256a100000)]
  0x00000159bc8f0090 JavaThread "Unconstrained build operations Thread 16" [_thread_blocked, id=127152, stack(0x000000256a100000,0x000000256a200000)]
  0x00000159bc8edd20 JavaThread "Unconstrained build operations Thread 17" [_thread_blocked, id=130488, stack(0x000000256a200000,0x000000256a300000)]
  0x00000159bc8ed810 JavaThread "Unconstrained build operations Thread 18" [_thread_blocked, id=127352, stack(0x000000256a300000,0x000000256a400000)]
  0x00000159bc8eb9b0 JavaThread "Unconstrained build operations Thread 19" [_thread_blocked, id=128832, stack(0x000000256a400000,0x000000256a500000)]
  0x00000159bc8f0fc0 JavaThread "Unconstrained build operations Thread 20" [_thread_blocked, id=130768, stack(0x000000256a500000,0x000000256a600000)]
  0x00000159bc8ee230 JavaThread "Unconstrained build operations Thread 21" [_thread_blocked, id=124116, stack(0x000000256a600000,0x000000256a700000)]
  0x00000159bc8ec8e0 JavaThread "Unconstrained build operations Thread 22" [_thread_blocked, id=115032, stack(0x000000256a700000,0x000000256a800000)]
  0x00000159bc8ec3d0 JavaThread "Unconstrained build operations Thread 23" [_thread_blocked, id=129676, stack(0x000000256a800000,0x000000256a900000)]
  0x00000159bc8eb4a0 JavaThread "Unconstrained build operations Thread 24" [_thread_blocked, id=124228, stack(0x000000256a900000,0x000000256aa00000)]
  0x00000159bc8ee740 JavaThread "Unconstrained build operations Thread 25" [_thread_blocked, id=55676, stack(0x000000256aa00000,0x000000256ab00000)]
  0x00000159bc8eaf90 JavaThread "Unconstrained build operations Thread 26" [_thread_blocked, id=130696, stack(0x000000256ab00000,0x000000256ac00000)]
  0x00000159bc8ea060 JavaThread "Unconstrained build operations Thread 27" [_thread_blocked, id=124132, stack(0x000000256ac00000,0x000000256ad00000)]
  0x00000159bc8f19e0 JavaThread "Unconstrained build operations Thread 28" [_thread_blocked, id=125248, stack(0x000000256ad00000,0x000000256ae00000)]
  0x00000159bc8f0ab0 JavaThread "Unconstrained build operations Thread 29" [_thread_blocked, id=125416, stack(0x000000256ae00000,0x000000256af00000)]
  0x00000159bc8ecdf0 JavaThread "Unconstrained build operations Thread 30" [_thread_blocked, id=120888, stack(0x000000256af00000,0x000000256b000000)]
  0x00000159bc8ef160 JavaThread "Unconstrained build operations Thread 31" [_thread_blocked, id=107792, stack(0x000000256b000000,0x000000256b100000)]
  0x00000159bc8eec50 JavaThread "Unconstrained build operations Thread 32" [_thread_blocked, id=128428, stack(0x000000256b100000,0x000000256b200000)]
  0x00000159bc8ea570 JavaThread "Unconstrained build operations Thread 33" [_thread_blocked, id=127724, stack(0x000000256b200000,0x000000256b300000)]
  0x00000159bc8efb80 JavaThread "Unconstrained build operations Thread 34" [_thread_blocked, id=93772, stack(0x000000256b300000,0x000000256b400000)]
  0x00000159bc8eaa80 JavaThread "Unconstrained build operations Thread 35" [_thread_blocked, id=128740, stack(0x000000256b400000,0x000000256b500000)]
  0x00000159bc8f05a0 JavaThread "Unconstrained build operations Thread 36" [_thread_blocked, id=124200, stack(0x000000256b500000,0x000000256b600000)]
  0x00000159bc8ed300 JavaThread "Unconstrained build operations Thread 37" [_thread_blocked, id=116892, stack(0x000000256b600000,0x000000256b700000)]
  0x00000159bc8ebec0 JavaThread "Unconstrained build operations Thread 38" [_thread_blocked, id=122016, stack(0x000000256b700000,0x000000256b800000)]
  0x00000159bcf7c220 JavaThread "Unconstrained build operations Thread 39" [_thread_blocked, id=88608, stack(0x000000256b800000,0x000000256b900000)]
  0x00000159bcf799a0 JavaThread "Unconstrained build operations Thread 40" [_thread_blocked, id=112104, stack(0x000000256b900000,0x000000256ba00000)]
  0x00000159bcf7eaa0 JavaThread "Unconstrained build operations Thread 41" [_thread_blocked, id=130804, stack(0x000000256ba00000,0x000000256bb00000)]
  0x00000159bcf7efb0 JavaThread "Unconstrained build operations Thread 42" [_thread_blocked, id=123908, stack(0x000000256bb00000,0x000000256bc00000)]
  0x00000159bcf7f4c0 JavaThread "Unconstrained build operations Thread 43" [_thread_blocked, id=129884, stack(0x000000256bc00000,0x000000256bd00000)]
  0x00000159bcf7c730 JavaThread "Unconstrained build operations Thread 44" [_thread_blocked, id=121512, stack(0x000000256bd00000,0x000000256be00000)]
  0x00000159bcf7f9d0 JavaThread "Unconstrained build operations Thread 45" [_thread_blocked, id=130256, stack(0x000000256be00000,0x000000256bf00000)]
  0x00000159bcf7b2f0 JavaThread "Unconstrained build operations Thread 46" [_thread_blocked, id=126720, stack(0x000000256bf00000,0x000000256c000000)]
  0x00000159bcf7ade0 JavaThread "Unconstrained build operations Thread 47" [_thread_blocked, id=123940, stack(0x000000256c000000,0x000000256c100000)]
  0x00000159bcf78f80 JavaThread "Unconstrained build operations Thread 48" [_thread_blocked, id=128508, stack(0x000000256c100000,0x000000256c200000)]
  0x00000159bcf78560 JavaThread "Unconstrained build operations Thread 49" [_thread_blocked, id=128836, stack(0x000000256c200000,0x000000256c300000)]
  0x00000159bcf78a70 JavaThread "Unconstrained build operations Thread 50" [_thread_blocked, id=130808, stack(0x000000256c300000,0x000000256c400000)]
  0x00000159bcf7b800 JavaThread "Unconstrained build operations Thread 51" [_thread_blocked, id=129752, stack(0x000000256c400000,0x000000256c500000)]
  0x00000159bcf7e080 JavaThread "Unconstrained build operations Thread 52" [_thread_blocked, id=124212, stack(0x000000256c500000,0x000000256c600000)]
  0x00000159bcf7fee0 JavaThread "Unconstrained build operations Thread 53" [_thread_blocked, id=121000, stack(0x000000256c600000,0x000000256c700000)]
  0x00000159bcf79eb0 JavaThread "Unconstrained build operations Thread 54" [_thread_blocked, id=125684, stack(0x000000256c700000,0x000000256c800000)]
  0x00000159bcf7cc40 JavaThread "Unconstrained build operations Thread 55" [_thread_blocked, id=121716, stack(0x000000256c800000,0x000000256c900000)]
  0x00000159bcf79490 JavaThread "Unconstrained build operations Thread 56" [_thread_blocked, id=129308, stack(0x000000256c900000,0x000000256ca00000)]
  0x00000159bcf7a3c0 JavaThread "Unconstrained build operations Thread 57" [_thread_blocked, id=14544, stack(0x000000256ca00000,0x000000256cb00000)]
  0x00000159bcf7db70 JavaThread "Unconstrained build operations Thread 58" [_thread_blocked, id=126704, stack(0x000000256cb00000,0x000000256cc00000)]
  0x00000159bcf7bd10 JavaThread "Unconstrained build operations Thread 59" [_thread_blocked, id=124312, stack(0x000000256cc00000,0x000000256cd00000)]
  0x00000159bcf7d150 JavaThread "Unconstrained build operations Thread 60" [_thread_blocked, id=121328, stack(0x000000256cd00000,0x000000256ce00000)]
  0x00000159bcf7e590 JavaThread "Unconstrained build operations Thread 61" [_thread_blocked, id=128796, stack(0x000000256ce00000,0x000000256cf00000)]
  0x00000159bcf7a8d0 JavaThread "Unconstrained build operations Thread 62" [_thread_blocked, id=129848, stack(0x000000256cf00000,0x000000256d000000)]
  0x00000159bcf7d660 JavaThread "Unconstrained build operations Thread 63" [_thread_blocked, id=125016, stack(0x000000256d000000,0x000000256d100000)]
  0x00000159bd1ecd90 JavaThread "Unconstrained build operations Thread 64" [_thread_blocked, id=112488, stack(0x000000256d100000,0x000000256d200000)]
  0x00000159bd1ef610 JavaThread "Unconstrained build operations Thread 65" [_thread_blocked, id=129732, stack(0x000000256d200000,0x000000256d300000)]
  0x00000159bd1ed7b0 JavaThread "Unconstrained build operations Thread 66" [_thread_blocked, id=126776, stack(0x000000256d300000,0x000000256d400000)]
  0x00000159bd1edcc0 JavaThread "Unconstrained build operations Thread 67" [_thread_blocked, id=105876, stack(0x000000256d400000,0x000000256d500000)]
  0x00000159bd1ee6e0 JavaThread "Unconstrained build operations Thread 68" [_thread_blocked, id=130876, stack(0x000000256d500000,0x000000256d600000)]
  0x00000159bd1f0a50 JavaThread "Unconstrained build operations Thread 69" [_thread_blocked, id=121712, stack(0x000000256d600000,0x000000256d700000)]
  0x00000159bd1ee1d0 JavaThread "Unconstrained build operations Thread 70" [_thread_blocked, id=130076, stack(0x000000256d700000,0x000000256d800000)]
  0x00000159bd1f0f60 JavaThread "Unconstrained build operations Thread 71" [_thread_blocked, id=130128, stack(0x000000256d800000,0x000000256d900000)]
  0x00000159bd1eb950 JavaThread "Unconstrained build operations Thread 72" [_thread_blocked, id=105396, stack(0x000000256d900000,0x000000256da00000)]
  0x00000159bd1f28b0 JavaThread "Unconstrained build operations Thread 73" [_thread_blocked, id=130536, stack(0x000000256da00000,0x000000256db00000)]
  0x00000159bd1eb440 JavaThread "Unconstrained build operations Thread 74" [_thread_blocked, id=128624, stack(0x000000256db00000,0x000000256dc00000)]
  0x00000159bd1f1470 JavaThread "Unconstrained build operations Thread 75" [_thread_blocked, id=128064, stack(0x000000256dc00000,0x000000256dd00000)]
  0x00000159bd1ed2a0 JavaThread "Unconstrained build operations Thread 76" [_thread_blocked, id=126860, stack(0x000000256dd00000,0x000000256de00000)]
  0x00000159bd1eebf0 JavaThread "Unconstrained build operations Thread 77" [_thread_blocked, id=127500, stack(0x000000256de00000,0x000000256df00000)]
  0x00000159bd1ef100 JavaThread "Unconstrained build operations Thread 78" [_thread_blocked, id=129504, stack(0x000000256df00000,0x000000256e000000)]
  0x00000159bd1ebe60 JavaThread "Unconstrained build operations Thread 79" [_thread_blocked, id=81164, stack(0x000000256e000000,0x000000256e100000)]
  0x00000159bd1efb20 JavaThread "Unconstrained build operations Thread 80" [_thread_blocked, id=125272, stack(0x000000256e100000,0x000000256e200000)]
  0x00000159bd1f1e90 JavaThread "Unconstrained build operations Thread 81" [_thread_blocked, id=129988, stack(0x000000256e200000,0x000000256e300000)]
  0x00000159bd1f2dc0 JavaThread "Unconstrained build operations Thread 82" [_thread_blocked, id=131068, stack(0x000000256e300000,0x000000256e400000)]
  0x00000159bd1ec370 JavaThread "Unconstrained build operations Thread 83" [_thread_blocked, id=129728, stack(0x000000256e400000,0x000000256e500000)]
  0x00000159bd1f0030 JavaThread "Unconstrained build operations Thread 84" [_thread_blocked, id=10748, stack(0x000000256e500000,0x000000256e600000)]
  0x00000159bd1f0540 JavaThread "Unconstrained build operations Thread 85" [_thread_blocked, id=129944, stack(0x000000256e600000,0x000000256e700000)]
  0x00000159bd1f1980 JavaThread "Unconstrained build operations Thread 86" [_thread_blocked, id=123984, stack(0x000000256e700000,0x000000256e800000)]
  0x00000159bd1f23a0 JavaThread "Unconstrained build operations Thread 87" [_thread_blocked, id=126040, stack(0x000000256e800000,0x000000256e900000)]
  0x00000159bd1ec880 JavaThread "Unconstrained build operations Thread 88" [_thread_blocked, id=119892, stack(0x000000256e900000,0x000000256ea00000)]
  0x00000159bd19edb0 JavaThread "Unconstrained build operations Thread 89" [_thread_blocked, id=126992, stack(0x000000256ea00000,0x000000256eb00000)]
  0x00000159bd1997a0 JavaThread "Unconstrained build operations Thread 90" [_thread_blocked, id=129468, stack(0x000000256eb00000,0x000000256ec00000)]
  0x00000159bd19a6d0 JavaThread "Unconstrained build operations Thread 91" [_thread_blocked, id=130700, stack(0x000000256ec00000,0x000000256ed00000)]
  0x00000159bd19abe0 JavaThread "Unconstrained build operations Thread 92" [_thread_blocked, id=130776, stack(0x000000256ed00000,0x000000256ee00000)]
  0x00000159bd1a0c10 JavaThread "Unconstrained build operations Thread 93" [_thread_blocked, id=124676, stack(0x000000256ee00000,0x000000256ef00000)]
  0x00000159bd19e8a0 JavaThread "Unconstrained build operations Thread 94" [_thread_blocked, id=125988, stack(0x000000256ef00000,0x000000256f000000)]
  0x00000159bd19de80 JavaThread "Unconstrained build operations Thread 95" [_thread_blocked, id=123108, stack(0x000000256f000000,0x000000256f100000)]
  0x00000159bd19ca40 JavaThread "Unconstrained build operations Thread 96" [_thread_blocked, id=129480, stack(0x000000256f100000,0x000000256f200000)]
  0x00000159bd19cf50 JavaThread "Unconstrained build operations Thread 97" [_thread_blocked, id=123488, stack(0x000000256f200000,0x000000256f300000)]
  0x00000159bd1a1120 JavaThread "Unconstrained build operations Thread 98" [_thread_blocked, id=128892, stack(0x000000256f300000,0x000000256f400000)]
  0x00000159bd19e390 JavaThread "Unconstrained build operations Thread 99" [_thread_blocked, id=128776, stack(0x000000256f400000,0x000000256f500000)]
  0x00000159bd19b600 JavaThread "Unconstrained build operations Thread 100" [_thread_blocked, id=127064, stack(0x000000256f500000,0x000000256f600000)]
  0x00000159bd19d460 JavaThread "Unconstrained build operations Thread 101" [_thread_blocked, id=130584, stack(0x000000256f600000,0x000000256f700000)]
  0x00000159bd199cb0 JavaThread "Unconstrained build operations Thread 102" [_thread_blocked, id=64264, stack(0x000000256f700000,0x000000256f800000)]
  0x00000159bd19f7d0 JavaThread "Unconstrained build operations Thread 103" [_thread_blocked, id=128912, stack(0x000000256f800000,0x000000256f900000)]
  0x00000159bd19d970 JavaThread "Unconstrained build operations Thread 104" [_thread_blocked, id=117676, stack(0x000000256f900000,0x000000256fa00000)]
  0x00000159bd19f2c0 JavaThread "Unconstrained build operations Thread 105" [_thread_blocked, id=129588, stack(0x000000256fa00000,0x000000256fb00000)]
  0x00000159bd1a0700 JavaThread "Unconstrained build operations Thread 106" [_thread_blocked, id=129816, stack(0x000000256fb00000,0x000000256fc00000)]
  0x00000159bd19fce0 JavaThread "Unconstrained build operations Thread 107" [_thread_blocked, id=131012, stack(0x000000256fc00000,0x000000256fd00000)]
  0x00000159bd19bb10 JavaThread "Unconstrained build operations Thread 108" [_thread_blocked, id=128144, stack(0x000000256fd00000,0x000000256fe00000)]
  0x00000159bd19a1c0 JavaThread "Unconstrained build operations Thread 109" [_thread_blocked, id=128960, stack(0x000000256fe00000,0x000000256ff00000)]
  0x00000159bd19b0f0 JavaThread "Unconstrained build operations Thread 110" [_thread_blocked, id=121504, stack(0x000000256ff00000,0x0000002570000000)]
  0x00000159bd1a01f0 JavaThread "Unconstrained build operations Thread 111" [_thread_blocked, id=125500, stack(0x0000002570000000,0x0000002570100000)]
  0x00000159bd19c020 JavaThread "Unconstrained build operations Thread 112" [_thread_blocked, id=127712, stack(0x0000002570100000,0x0000002570200000)]
  0x00000159bd19c530 JavaThread "Unconstrained build operations Thread 113" [_thread_blocked, id=121272, stack(0x0000002570200000,0x0000002570300000)]
  0x00000159bd1d0e90 JavaThread "Unconstrained build operations Thread 114" [_thread_blocked, id=108532, stack(0x0000002570300000,0x0000002570400000)]
  0x00000159bd1d13a0 JavaThread "Unconstrained build operations Thread 115" [_thread_blocked, id=121612, stack(0x0000002570400000,0x0000002570500000)]
  0x00000159bd1d2cf0 JavaThread "Unconstrained build operations Thread 116" [_thread_blocked, id=127220, stack(0x0000002570500000,0x0000002570600000)]
  0x00000159bd1d3c20 JavaThread "Unconstrained build operations Thread 117" [_thread_blocked, id=123392, stack(0x0000002570600000,0x0000002570700000)]
  0x00000159bd1d4130 JavaThread "Unconstrained build operations Thread 118" [_thread_blocked, id=124012, stack(0x0000002570700000,0x0000002570800000)]
  0x00000159bd1d18b0 JavaThread "Unconstrained build operations Thread 119" [_thread_blocked, id=51216, stack(0x0000002570800000,0x0000002570900000)]
  0x00000159bd1d3710 JavaThread "Unconstrained build operations Thread 120" [_thread_blocked, id=128312, stack(0x0000002570900000,0x0000002570a00000)]
  0x00000159bd1cfa50 JavaThread "jar transforms Thread 4" [_thread_blocked, id=124860, stack(0x0000002570a00000,0x0000002570b00000)]
  0x00000159bd1d4640 JavaThread "jar transforms Thread 5" [_thread_blocked, id=107372, stack(0x0000002570b00000,0x0000002570c00000)]
  0x00000159bd1d5570 JavaThread "jar transforms Thread 6" [_thread_blocked, id=125184, stack(0x0000002570c00000,0x0000002570d00000)]
  0x00000159bd1d5a80 JavaThread "jar transforms Thread 7" [_thread_blocked, id=29984, stack(0x0000002570d00000,0x0000002570e00000)]
  0x00000159bd1d1dc0 JavaThread "jar transforms Thread 8" [_thread_blocked, id=128140, stack(0x0000002570e00000,0x0000002570f00000)]
  0x00000159bd1d64a0 JavaThread "jar transforms Thread 9" [_thread_blocked, id=93552, stack(0x0000002570f00000,0x0000002571000000)]
  0x00000159bd1d0470 JavaThread "jar transforms Thread 10" [_thread_blocked, id=126964, stack(0x0000002571000000,0x0000002571100000)]
  0x00000159bd1d5f90 JavaThread "jar transforms Thread 11" [_thread_blocked, id=84748, stack(0x0000002571100000,0x0000002571200000)]
  0x00000159bd1d69b0 JavaThread "jar transforms Thread 12" [_thread_blocked, id=126324, stack(0x0000002571200000,0x0000002571300000)]
  0x00000159bd1d6ec0 JavaThread "build event listener" [_thread_blocked, id=129028, stack(0x0000002571300000,0x0000002571400000)]
  0x00000159bd1d73d0 JavaThread "Memory manager" [_thread_blocked, id=128972, stack(0x0000002571400000,0x0000002571500000)]
  0x00000159bd1d27e0 JavaThread "included builds" [_thread_blocked, id=6220, stack(0x0000002571500000,0x0000002571600000)]
  0x00000159bd1d4b50 JavaThread "Execution worker" [_thread_blocked, id=127012, stack(0x0000002571600000,0x0000002571700000)]
  0x00000159bd1d3200 JavaThread "Execution worker Thread 2" [_thread_blocked, id=88588, stack(0x0000002571700000,0x0000002571800000)]
  0x00000159bd1d0980 JavaThread "Execution worker Thread 3" [_thread_blocked, id=63944, stack(0x0000002571800000,0x0000002571900000)]
  0x00000159be141550 JavaThread "Execution worker Thread 4" [_thread_blocked, id=108652, stack(0x0000002571900000,0x0000002571a00000)]
  0x00000159be13e7c0 JavaThread "Execution worker Thread 5" [_thread_blocked, id=125776, stack(0x0000002571a00000,0x0000002571b00000)]
  0x00000159be13e2b0 JavaThread "Execution worker Thread 6" [_thread_blocked, id=121032, stack(0x0000002571b00000,0x0000002571c00000)]
  0x00000159be140110 JavaThread "Execution worker Thread 7" [_thread_blocked, id=131884, stack(0x0000002571c00000,0x0000002571d00000)]
  0x00000159be13ecd0 JavaThread "Execution worker Thread 8" [_thread_blocked, id=28616, stack(0x0000002571d00000,0x0000002571e00000)]
  0x00000159be13b520 JavaThread "Execution worker Thread 9" [_thread_blocked, id=125180, stack(0x0000002571e00000,0x0000002571f00000)]
  0x00000159be141040 JavaThread "Execution worker Thread 10" [_thread_blocked, id=131968, stack(0x0000002571f00000,0x0000002572000000)]
  0x00000159be13dda0 JavaThread "Execution worker Thread 11" [_thread_blocked, id=131924, stack(0x0000002572000000,0x0000002572100000)]
  0x00000159be140b30 JavaThread "Cache worker for execution history cache (C:\Users\USER-PC\AndroidStudioProjects\Movil2\.gradle\7.5\executionHistory)" [_thread_blocked, id=76956, stack(0x0000002572100000,0x0000002572200000)]
  0x00000159be13a0e0 JavaThread "Cache worker for Java compile cache (C:\Users\USER-PC\.gradle\caches\7.5\javaCompile)" [_thread_blocked, id=128956, stack(0x0000002572200000,0x0000002572300000)]
  0x00000159be140620 JavaThread "Build operations" [_thread_blocked, id=115456, stack(0x0000002572300000,0x0000002572400000)]
  0x00000159be13a5f0 JavaThread "Build operations Thread 2" [_thread_blocked, id=130636, stack(0x0000002572400000,0x0000002572500000)]
  0x00000159be13ab00 JavaThread "Build operations Thread 3" [_thread_blocked, id=125048, stack(0x0000002572500000,0x0000002572600000)]
  0x00000159be13b010 JavaThread "Build operations Thread 4" [_thread_blocked, id=130752, stack(0x0000002572600000,0x0000002572700000)]
  0x00000159be13f1e0 JavaThread "Build operations Thread 5" [_thread_blocked, id=126432, stack(0x0000002572700000,0x0000002572800000)]
  0x00000159be13c450 JavaThread "Build operations Thread 6" [_thread_blocked, id=128480, stack(0x0000002572800000,0x0000002572900000)]
  0x00000159be13f6f0 JavaThread "Build operations Thread 7" [_thread_blocked, id=130152, stack(0x0000002572900000,0x0000002572a00000)]
  0x00000159be13c960 JavaThread "Build operations Thread 8" [_thread_blocked, id=125556, stack(0x0000002572a00000,0x0000002572b00000)]
  0x00000159be13ba30 JavaThread "Build operations Thread 9" [_thread_blocked, id=126468, stack(0x0000002572b00000,0x0000002572c00000)]
  0x00000159be141a60 JavaThread "Build operations Thread 10" [_thread_blocked, id=127704, stack(0x0000002572c00000,0x0000002572d00000)]
  0x00000159be13fc00 JavaThread "Build operations Thread 11" [_thread_blocked, id=125508, stack(0x0000002572d00000,0x0000002572e00000)]
  0x00000159be13bf40 JavaThread "Build operations Thread 12" [_thread_blocked, id=126180, stack(0x0000002572e00000,0x0000002572f00000)]
  0x00000159be13d890 JavaThread "WorkerExecutor Queue" [_thread_blocked, id=128044, stack(0x0000002573500000,0x0000002573600000)]
  0x00000159c353bb20 JavaThread "WorkerExecutor Queue Thread 2" [_thread_blocked, id=128736, stack(0x0000002573600000,0x0000002573700000)]
=>0x00000159c353c030 JavaThread "WorkerExecutor Queue Thread 3" [_thread_in_vm, id=131652, stack(0x0000002573700000,0x0000002573800000)]
  0x00000159c3537950 JavaThread "WorkerExecutor Queue Thread 4" [_thread_blocked, id=127612, stack(0x0000002573800000,0x0000002573900000)]
  0x00000159c3536000 JavaThread "WorkerExecutor Queue Thread 5" [_thread_in_vm, id=107072, stack(0x0000002573900000,0x0000002573a00000)]
  0x00000159c3538d90 JavaThread "WorkerExecutor Queue Thread 6" [_thread_blocked, id=122660, stack(0x0000002573a00000,0x0000002573b00000)]
  0x00000159c353c540 JavaThread "WorkerExecutor Queue Thread 7" [_thread_blocked, id=127164, stack(0x0000002573b00000,0x0000002573c00000)]
  0x00000159c35392a0 JavaThread "WorkerExecutor Queue Thread 8" [_thread_blocked, id=131316, stack(0x0000002573c00000,0x0000002573d00000)]
  0x00000159c3536510 JavaThread "WorkerExecutor Queue Thread 9" [_thread_blocked, id=130692, stack(0x0000002573d00000,0x0000002573e00000)]
  0x00000159c3535af0 JavaThread "WorkerExecutor Queue Thread 10" [_thread_blocked, id=129252, stack(0x0000002573e00000,0x0000002573f00000)]
  0x00000159c3537e60 JavaThread "WorkerExecutor Queue Thread 11" [_thread_blocked, id=131320, stack(0x0000002573f00000,0x0000002574000000)]
  0x00000159c353b100 JavaThread "WorkerExecutor Queue Thread 12" [_thread_blocked, id=129060, stack(0x0000002574000000,0x0000002574100000)]
  0x00000159c353abf0 JavaThread "WorkerExecutor Queue Thread 13" [_thread_blocked, id=131648, stack(0x0000002574100000,0x0000002574200000)]

Other Threads:
  0x00000159b50a7020 VMThread "VM Thread" [stack: 0x0000002566000000,0x0000002566100000] [id=125404]
  0x00000159b51bae90 WatcherThread [stack: 0x0000002566c00000,0x0000002566d00000] [id=123672]
  0x000001599bfaa3d0 GCTaskThread "GC Thread#0" [stack: 0x0000002565b00000,0x0000002565c00000] [id=98004]
  0x00000159ba9483c0 GCTaskThread "GC Thread#1" [stack: 0x0000002566d00000,0x0000002566e00000] [id=129800]
  0x00000159b5cc9f70 GCTaskThread "GC Thread#2" [stack: 0x0000002566e00000,0x0000002566f00000] [id=114784]
  0x00000159ba131270 GCTaskThread "GC Thread#3" [stack: 0x0000002566f00000,0x0000002567000000] [id=130200]
  0x00000159ba131530 GCTaskThread "GC Thread#4" [stack: 0x0000002567000000,0x0000002567100000] [id=118632]
  0x00000159b5c8ed40 GCTaskThread "GC Thread#5" [stack: 0x0000002567100000,0x0000002567200000] [id=122724]
  0x00000159bb22ec40 GCTaskThread "GC Thread#6" [stack: 0x0000002567e00000,0x0000002567f00000] [id=131028]
  0x00000159baed9770 GCTaskThread "GC Thread#7" [stack: 0x0000002567f00000,0x0000002568000000] [id=121496]
  0x00000159bb693070 GCTaskThread "GC Thread#8" [stack: 0x0000002568000000,0x0000002568100000] [id=125692]
  0x00000159bb04f8f0 GCTaskThread "GC Thread#9" [stack: 0x0000002568100000,0x0000002568200000] [id=125816]
  0x000001599bfb7320 ConcurrentGCThread "G1 Main Marker" [stack: 0x0000002565c00000,0x0000002565d00000] [id=107128]
  0x000001599bfb84e0 ConcurrentGCThread "G1 Conc#0" [stack: 0x0000002565d00000,0x0000002565e00000] [id=120060]
  0x00000159baf851d0 ConcurrentGCThread "G1 Conc#1" [stack: 0x0000002568200000,0x0000002568300000] [id=128548]
  0x00000159baed4360 ConcurrentGCThread "G1 Conc#2" [stack: 0x0000002568300000,0x0000002568400000] [id=129696]
  0x000001599c00da30 ConcurrentGCThread "G1 Refine#0" [stack: 0x0000002565e00000,0x0000002565f00000] [id=131056]
  0x00000159bc580450 ConcurrentGCThread "G1 Refine#1" [stack: 0x0000002572f00000,0x0000002573000000] [id=126108]
  0x00000159bc57f2b0 ConcurrentGCThread "G1 Refine#2" [stack: 0x0000002573000000,0x0000002573100000] [id=55420]
  0x00000159bc580a30 ConcurrentGCThread "G1 Refine#3" [stack: 0x0000002573100000,0x0000002573200000] [id=128424]
  0x00000159baef4cd0 ConcurrentGCThread "G1 Refine#4" [stack: 0x0000002573200000,0x0000002573300000] [id=130800]
  0x00000159baef52b0 ConcurrentGCThread "G1 Refine#5" [stack: 0x0000002573300000,0x0000002573400000] [id=120572]
  0x00000159baef5e70 ConcurrentGCThread "G1 Refine#6" [stack: 0x0000002573400000,0x0000002573500000] [id=130732]
  0x000001599c00e460 ConcurrentGCThread "G1 Service" [stack: 0x0000002565f00000,0x0000002566000000] [id=120120]

Threads with active compile tasks:
C2 CompilerThread0    12351 13326   !   4       jdk.internal.loader.BuiltinClassLoader::loadClassOrNull (143 bytes)
C1 CompilerThread0    12351 13865       2       com.android.tools.r8.internal.jO::h (15 bytes)

VM state: not at safepoint (normal execution)

VM Mutex/Monitor currently owned by a thread:  ([mutex/lock_event])
[0x0000015999cf6430] Metaspace_lock - owner thread: 0x00000159c353c030
[0x000001599bf57490] MethodData_lock - owner thread: 0x00000159b5119240

Heap address: 0x00000000a0000000, size: 1536 MB, Compressed Oops mode: 32-bit

CDS archive(s) not mapped
Compressed class space mapped at: 0x0000000100000000-0x0000000140000000, reserved size: 1073741824
Narrow klass base: 0x0000000000000000, Narrow klass shift: 3, Narrow klass range: 0x140000000

GC Precious Log:
 CPUs: 12 total, 12 available
 Memory: 16230M
 Large Page Support: Disabled
 NUMA Support: Disabled
 Compressed Oops: Enabled (32-bit)
 Heap Region Size: 1M
 Heap Min Capacity: 8M
 Heap Initial Capacity: 254M
 Heap Max Capacity: 1536M
 Pre-touch: Disabled
 Parallel Workers: 10
 Concurrent Workers: 3
 Concurrent Refinement Workers: 10
 Periodic GC: Disabled

Heap:
 garbage-first heap   total 226304K, used 124975K [0x00000000a0000000, 0x0000000100000000)
  region size 1024K, 34 young (34816K), 7 survivors (7168K)
 Metaspace       used 107271K, committed 107968K, reserved 1179648K
  class space    used 14727K, committed 15104K, reserved 1048576K

Heap Regions: E=young(eden), S=young(survivor), O=old, HS=humongous(starts), HC=humongous(continues), CS=collection set, F=free, OA=open archive, CA=closed archive, TAMS=top-at-mark-start (previous, next)
|   0|0x00000000a0000000, 0x00000000a0100000, 0x00000000a0100000|100%| O|  |TAMS 0x00000000a0100000, 0x00000000a0000000| Untracked 
|   1|0x00000000a0100000, 0x00000000a0200000, 0x00000000a0200000|100%| O|  |TAMS 0x00000000a0200000, 0x00000000a0100000| Untracked 
|   2|0x00000000a0200000, 0x00000000a0300000, 0x00000000a0300000|100%| O|  |TAMS 0x00000000a0300000, 0x00000000a0200000| Untracked 
|   3|0x00000000a0300000, 0x00000000a0400000, 0x00000000a0400000|100%|HS|  |TAMS 0x00000000a0400000, 0x00000000a0300000| Complete 
|   4|0x00000000a0400000, 0x00000000a0500000, 0x00000000a0500000|100%|HC|  |TAMS 0x00000000a0500000, 0x00000000a0400000| Complete 
|   5|0x00000000a0500000, 0x00000000a0600000, 0x00000000a0600000|100%|HC|  |TAMS 0x00000000a0600000, 0x00000000a0500000| Complete 
|   6|0x00000000a0600000, 0x00000000a0700000, 0x00000000a0700000|100%| O|  |TAMS 0x00000000a0700000, 0x00000000a0600000| Untracked 
|   7|0x00000000a0700000, 0x00000000a0800000, 0x00000000a0800000|100%| O|  |TAMS 0x00000000a0800000, 0x00000000a0700000| Untracked 
|   8|0x00000000a0800000, 0x00000000a0900000, 0x00000000a0900000|100%| O|  |TAMS 0x00000000a0900000, 0x00000000a0800000| Untracked 
|   9|0x00000000a0900000, 0x00000000a0a00000, 0x00000000a0a00000|100%| O|  |TAMS 0x00000000a0a00000, 0x00000000a0900000| Untracked 
|  10|0x00000000a0a00000, 0x00000000a0b00000, 0x00000000a0b00000|100%| O|  |TAMS 0x00000000a0b00000, 0x00000000a0a00000| Untracked 
|  11|0x00000000a0b00000, 0x00000000a0c00000, 0x00000000a0c00000|100%| O|  |TAMS 0x00000000a0c00000, 0x00000000a0b00000| Untracked 
|  12|0x00000000a0c00000, 0x00000000a0d00000, 0x00000000a0d00000|100%| O|  |TAMS 0x00000000a0d00000, 0x00000000a0c00000| Untracked 
|  13|0x00000000a0d00000, 0x00000000a0e00000, 0x00000000a0e00000|100%| O|  |TAMS 0x00000000a0e00000, 0x00000000a0d00000| Untracked 
|  14|0x00000000a0e00000, 0x00000000a0f00000, 0x00000000a0f00000|100%| O|  |TAMS 0x00000000a0f00000, 0x00000000a0e00000| Untracked 
|  15|0x00000000a0f00000, 0x00000000a1000000, 0x00000000a1000000|100%| O|  |TAMS 0x00000000a1000000, 0x00000000a0f00000| Untracked 
|  16|0x00000000a1000000, 0x00000000a1100000, 0x00000000a1100000|100%| O|  |TAMS 0x00000000a1100000, 0x00000000a1000000| Untracked 
|  17|0x00000000a1100000, 0x00000000a1200000, 0x00000000a1200000|100%| O|  |TAMS 0x00000000a1200000, 0x00000000a1100000| Untracked 
|  18|0x00000000a1200000, 0x00000000a1300000, 0x00000000a1300000|100%| O|  |TAMS 0x00000000a1300000, 0x00000000a1200000| Untracked 
|  19|0x00000000a1300000, 0x00000000a1400000, 0x00000000a1400000|100%| O|  |TAMS 0x00000000a1400000, 0x00000000a1300000| Untracked 
|  20|0x00000000a1400000, 0x00000000a1500000, 0x00000000a1500000|100%| O|  |TAMS 0x00000000a1500000, 0x00000000a1400000| Untracked 
|  21|0x00000000a1500000, 0x00000000a1600000, 0x00000000a1600000|100%| O|  |TAMS 0x00000000a1600000, 0x00000000a1500000| Untracked 
|  22|0x00000000a1600000, 0x00000000a1700000, 0x00000000a1700000|100%| O|  |TAMS 0x00000000a1700000, 0x00000000a1600000| Untracked 
|  23|0x00000000a1700000, 0x00000000a1800000, 0x00000000a1800000|100%| O|  |TAMS 0x00000000a1800000, 0x00000000a1700000| Untracked 
|  24|0x00000000a1800000, 0x00000000a1900000, 0x00000000a1900000|100%| O|  |TAMS 0x00000000a1900000, 0x00000000a1800000| Untracked 
|  25|0x00000000a1900000, 0x00000000a1a00000, 0x00000000a1a00000|100%| O|  |TAMS 0x00000000a1a00000, 0x00000000a1900000| Untracked 
|  26|0x00000000a1a00000, 0x00000000a1b00000, 0x00000000a1b00000|100%|HS|  |TAMS 0x00000000a1b00000, 0x00000000a1a00000| Complete 
|  27|0x00000000a1b00000, 0x00000000a1c00000, 0x00000000a1c00000|100%| O|  |TAMS 0x00000000a1c00000, 0x00000000a1b00000| Untracked 
|  28|0x00000000a1c00000, 0x00000000a1d00000, 0x00000000a1d00000|100%| O|  |TAMS 0x00000000a1d00000, 0x00000000a1c00000| Untracked 
|  29|0x00000000a1d00000, 0x00000000a1e00000, 0x00000000a1e00000|100%|HS|  |TAMS 0x00000000a1e00000, 0x00000000a1d00000| Complete 
|  30|0x00000000a1e00000, 0x00000000a1f00000, 0x00000000a1f00000|100%| O|  |TAMS 0x00000000a1f00000, 0x00000000a1e00000| Untracked 
|  31|0x00000000a1f00000, 0x00000000a2000000, 0x00000000a2000000|100%| O|  |TAMS 0x00000000a2000000, 0x00000000a1f00000| Untracked 
|  32|0x00000000a2000000, 0x00000000a2100000, 0x00000000a2100000|100%| O|  |TAMS 0x00000000a2100000, 0x00000000a2000000| Untracked 
|  33|0x00000000a2100000, 0x00000000a2200000, 0x00000000a2200000|100%| O|  |TAMS 0x00000000a2200000, 0x00000000a2100000| Untracked 
|  34|0x00000000a2200000, 0x00000000a2300000, 0x00000000a2300000|100%| O|  |TAMS 0x00000000a2300000, 0x00000000a2200000| Untracked 
|  35|0x00000000a2300000, 0x00000000a2400000, 0x00000000a2400000|100%| O|  |TAMS 0x00000000a2400000, 0x00000000a2300000| Untracked 
|  36|0x00000000a2400000, 0x00000000a2500000, 0x00000000a2500000|100%| O|  |TAMS 0x00000000a2500000, 0x00000000a2400000| Untracked 
|  37|0x00000000a2500000, 0x00000000a2600000, 0x00000000a2600000|100%| O|  |TAMS 0x00000000a2600000, 0x00000000a2500000| Untracked 
|  38|0x00000000a2600000, 0x00000000a2700000, 0x00000000a2700000|100%| O|  |TAMS 0x00000000a2700000, 0x00000000a2600000| Untracked 
|  39|0x00000000a2700000, 0x00000000a2800000, 0x00000000a2800000|100%| O|  |TAMS 0x00000000a2800000, 0x00000000a2700000| Untracked 
|  40|0x00000000a2800000, 0x00000000a2900000, 0x00000000a2900000|100%| O|  |TAMS 0x00000000a2900000, 0x00000000a2800000| Untracked 
|  41|0x00000000a2900000, 0x00000000a2a00000, 0x00000000a2a00000|100%| O|  |TAMS 0x00000000a2a00000, 0x00000000a2900000| Untracked 
|  42|0x00000000a2a00000, 0x00000000a2b00000, 0x00000000a2b00000|100%| O|  |TAMS 0x00000000a2b00000, 0x00000000a2a00000| Untracked 
|  43|0x00000000a2b00000, 0x00000000a2c00000, 0x00000000a2c00000|100%| O|  |TAMS 0x00000000a2c00000, 0x00000000a2b00000| Untracked 
|  44|0x00000000a2c00000, 0x00000000a2d00000, 0x00000000a2d00000|100%| O|  |TAMS 0x00000000a2d00000, 0x00000000a2c00000| Untracked 
|  45|0x00000000a2d00000, 0x00000000a2e00000, 0x00000000a2e00000|100%| O|  |TAMS 0x00000000a2d00000, 0x00000000a2d00000| Untracked 
|  46|0x00000000a2e00000, 0x00000000a2f00000, 0x00000000a2f00000|100%| O|  |TAMS 0x00000000a2f00000, 0x00000000a2e00000| Untracked 
|  47|0x00000000a2f00000, 0x00000000a3000000, 0x00000000a3000000|100%| O|  |TAMS 0x00000000a3000000, 0x00000000a2f00000| Untracked 
|  48|0x00000000a3000000, 0x00000000a3100000, 0x00000000a3100000|100%| O|  |TAMS 0x00000000a3100000, 0x00000000a3000000| Untracked 
|  49|0x00000000a3100000, 0x00000000a3200000, 0x00000000a3200000|100%| O|  |TAMS 0x00000000a3200000, 0x00000000a3100000| Untracked 
|  50|0x00000000a3200000, 0x00000000a3300000, 0x00000000a3300000|100%| O|  |TAMS 0x00000000a3300000, 0x00000000a3200000| Untracked 
|  51|0x00000000a3300000, 0x00000000a3400000, 0x00000000a3400000|100%| O|  |TAMS 0x00000000a3400000, 0x00000000a3300000| Untracked 
|  52|0x00000000a3400000, 0x00000000a3500000, 0x00000000a3500000|100%| O|  |TAMS 0x00000000a3500000, 0x00000000a3400000| Untracked 
|  53|0x00000000a3500000, 0x00000000a3600000, 0x00000000a3600000|100%| O|  |TAMS 0x00000000a3600000, 0x00000000a3500000| Untracked 
|  54|0x00000000a3600000, 0x00000000a3700000, 0x00000000a3700000|100%| O|  |TAMS 0x00000000a3700000, 0x00000000a3600000| Untracked 
|  55|0x00000000a3700000, 0x00000000a3700000, 0x00000000a3800000|  0%| F|  |TAMS 0x00000000a3700000, 0x00000000a3700000| Untracked 
|  56|0x00000000a3800000, 0x00000000a3900000, 0x00000000a3900000|100%| O|  |TAMS 0x00000000a3900000, 0x00000000a3800000| Untracked 
|  57|0x00000000a3900000, 0x00000000a3a00000, 0x00000000a3a00000|100%| O|  |TAMS 0x00000000a3a00000, 0x00000000a3900000| Untracked 
|  58|0x00000000a3a00000, 0x00000000a3b00000, 0x00000000a3b00000|100%| O|  |TAMS 0x00000000a3b00000, 0x00000000a3a00000| Untracked 
|  59|0x00000000a3b00000, 0x00000000a3c00000, 0x00000000a3c00000|100%| O|  |TAMS 0x00000000a3c00000, 0x00000000a3b00000| Untracked 
|  60|0x00000000a3c00000, 0x00000000a3d00000, 0x00000000a3d00000|100%| O|  |TAMS 0x00000000a3d00000, 0x00000000a3c00000| Untracked 
|  61|0x00000000a3d00000, 0x00000000a3e00000, 0x00000000a3e00000|100%| O|  |TAMS 0x00000000a3e00000, 0x00000000a3d00000| Untracked 
|  62|0x00000000a3e00000, 0x00000000a3f00000, 0x00000000a3f00000|100%| O|  |TAMS 0x00000000a3f00000, 0x00000000a3e00000| Untracked 
|  63|0x00000000a3f00000, 0x00000000a4000000, 0x00000000a4000000|100%| O|  |TAMS 0x00000000a4000000, 0x00000000a3f00000| Untracked 
|  64|0x00000000a4000000, 0x00000000a4100000, 0x00000000a4100000|100%| O|  |TAMS 0x00000000a4100000, 0x00000000a4000000| Untracked 
|  65|0x00000000a4100000, 0x00000000a4200000, 0x00000000a4200000|100%| O|  |TAMS 0x00000000a4200000, 0x00000000a4100000| Untracked 
|  66|0x00000000a4200000, 0x00000000a4300000, 0x00000000a4300000|100%| O|  |TAMS 0x00000000a4300000, 0x00000000a4200000| Untracked 
|  67|0x00000000a4300000, 0x00000000a4400000, 0x00000000a4400000|100%| O|  |TAMS 0x00000000a4400000, 0x00000000a4300000| Untracked 
|  68|0x00000000a4400000, 0x00000000a4500000, 0x00000000a4500000|100%| O|  |TAMS 0x00000000a4500000, 0x00000000a4400000| Untracked 
|  69|0x00000000a4500000, 0x00000000a4600000, 0x00000000a4600000|100%| O|  |TAMS 0x00000000a4600000, 0x00000000a4500000| Untracked 
|  70|0x00000000a4600000, 0x00000000a4700000, 0x00000000a4700000|100%| O|  |TAMS 0x00000000a4700000, 0x00000000a4600000| Untracked 
|  71|0x00000000a4700000, 0x00000000a4800000, 0x00000000a4800000|100%| O|  |TAMS 0x00000000a4779a00, 0x00000000a4700000| Untracked 
|  72|0x00000000a4800000, 0x00000000a4900000, 0x00000000a4900000|100%|HS|  |TAMS 0x00000000a4800000, 0x00000000a4800000| Complete 
|  73|0x00000000a4900000, 0x00000000a4a00000, 0x00000000a4a00000|100%|HC|  |TAMS 0x00000000a4900000, 0x00000000a4900000| Complete 
|  74|0x00000000a4a00000, 0x00000000a4b00000, 0x00000000a4b00000|100%| O|  |TAMS 0x00000000a4a00000, 0x00000000a4a00000| Untracked 
|  75|0x00000000a4b00000, 0x00000000a4c00000, 0x00000000a4c00000|100%| O|  |TAMS 0x00000000a4b00000, 0x00000000a4b00000| Untracked 
|  76|0x00000000a4c00000, 0x00000000a4d00000, 0x00000000a4d00000|100%| O|  |TAMS 0x00000000a4c00000, 0x00000000a4c00000| Untracked 
|  77|0x00000000a4d00000, 0x00000000a4e00000, 0x00000000a4e00000|100%| O|  |TAMS 0x00000000a4d00000, 0x00000000a4d00000| Untracked 
|  78|0x00000000a4e00000, 0x00000000a4f00000, 0x00000000a4f00000|100%| O|  |TAMS 0x00000000a4e00000, 0x00000000a4e00000| Untracked 
|  79|0x00000000a4f00000, 0x00000000a5000000, 0x00000000a5000000|100%| O|  |TAMS 0x00000000a4f00000, 0x00000000a4f00000| Untracked 
|  80|0x00000000a5000000, 0x00000000a5100000, 0x00000000a5100000|100%| O|  |TAMS 0x00000000a5000000, 0x00000000a5000000| Untracked 
|  81|0x00000000a5100000, 0x00000000a5200000, 0x00000000a5200000|100%| O|  |TAMS 0x00000000a5100000, 0x00000000a5100000| Untracked 
|  82|0x00000000a5200000, 0x00000000a5300000, 0x00000000a5300000|100%| O|  |TAMS 0x00000000a5200000, 0x00000000a5200000| Untracked 
|  83|0x00000000a5300000, 0x00000000a5400000, 0x00000000a5400000|100%| O|  |TAMS 0x00000000a5300000, 0x00000000a5300000| Untracked 
|  84|0x00000000a5400000, 0x00000000a5500000, 0x00000000a5500000|100%| O|  |TAMS 0x00000000a5400000, 0x00000000a5400000| Untracked 
|  85|0x00000000a5500000, 0x00000000a5600000, 0x00000000a5600000|100%| O|  |TAMS 0x00000000a5500000, 0x00000000a5500000| Untracked 
|  86|0x00000000a5600000, 0x00000000a5700000, 0x00000000a5700000|100%| O|  |TAMS 0x00000000a5600000, 0x00000000a5600000| Untracked 
|  87|0x00000000a5700000, 0x00000000a5800000, 0x00000000a5800000|100%| O|  |TAMS 0x00000000a5700000, 0x00000000a5700000| Untracked 
|  88|0x00000000a5800000, 0x00000000a5900000, 0x00000000a5900000|100%| O|  |TAMS 0x00000000a5800000, 0x00000000a5800000| Untracked 
|  89|0x00000000a5900000, 0x00000000a5a00000, 0x00000000a5a00000|100%| O|  |TAMS 0x00000000a5900000, 0x00000000a5900000| Untracked 
|  90|0x00000000a5a00000, 0x00000000a5b00000, 0x00000000a5b00000|100%| O|  |TAMS 0x00000000a5a00000, 0x00000000a5a00000| Untracked 
|  91|0x00000000a5b00000, 0x00000000a5b3a600, 0x00000000a5c00000| 22%| O|  |TAMS 0x00000000a5b00000, 0x00000000a5b00000| Untracked 
|  92|0x00000000a5c00000, 0x00000000a5c00000, 0x00000000a5d00000|  0%| F|  |TAMS 0x00000000a5c00000, 0x00000000a5c00000| Untracked 
|  93|0x00000000a5d00000, 0x00000000a5d00000, 0x00000000a5e00000|  0%| F|  |TAMS 0x00000000a5d00000, 0x00000000a5d00000| Untracked 
|  94|0x00000000a5e00000, 0x00000000a5e00000, 0x00000000a5f00000|  0%| F|  |TAMS 0x00000000a5e00000, 0x00000000a5e00000| Untracked 
|  95|0x00000000a5f00000, 0x00000000a5f00000, 0x00000000a6000000|  0%| F|  |TAMS 0x00000000a5f00000, 0x00000000a5f00000| Untracked 
|  96|0x00000000a6000000, 0x00000000a6000000, 0x00000000a6100000|  0%| F|  |TAMS 0x00000000a6000000, 0x00000000a6000000| Untracked 
|  97|0x00000000a6100000, 0x00000000a6100000, 0x00000000a6200000|  0%| F|  |TAMS 0x00000000a6100000, 0x00000000a6100000| Untracked 
|  98|0x00000000a6200000, 0x00000000a6200000, 0x00000000a6300000|  0%| F|  |TAMS 0x00000000a6200000, 0x00000000a6200000| Untracked 
|  99|0x00000000a6300000, 0x00000000a6300000, 0x00000000a6400000|  0%| F|  |TAMS 0x00000000a6300000, 0x00000000a6300000| Untracked 
| 100|0x00000000a6400000, 0x00000000a6400000, 0x00000000a6500000|  0%| F|  |TAMS 0x00000000a6400000, 0x00000000a6400000| Untracked 
| 101|0x00000000a6500000, 0x00000000a6500000, 0x00000000a6600000|  0%| F|  |TAMS 0x00000000a6500000, 0x00000000a6500000| Untracked 
| 102|0x00000000a6600000, 0x00000000a6600000, 0x00000000a6700000|  0%| F|  |TAMS 0x00000000a6600000, 0x00000000a6600000| Untracked 
| 103|0x00000000a6700000, 0x00000000a6700000, 0x00000000a6800000|  0%| F|  |TAMS 0x00000000a6700000, 0x00000000a6700000| Untracked 
| 104|0x00000000a6800000, 0x00000000a6800000, 0x00000000a6900000|  0%| F|  |TAMS 0x00000000a6800000, 0x00000000a6800000| Untracked 
| 105|0x00000000a6900000, 0x00000000a6900000, 0x00000000a6a00000|  0%| F|  |TAMS 0x00000000a6900000, 0x00000000a6900000| Untracked 
| 106|0x00000000a6a00000, 0x00000000a6a00000, 0x00000000a6b00000|  0%| F|  |TAMS 0x00000000a6a00000, 0x00000000a6a00000| Untracked 
| 107|0x00000000a6b00000, 0x00000000a6b00000, 0x00000000a6c00000|  0%| F|  |TAMS 0x00000000a6b00000, 0x00000000a6b00000| Untracked 
| 108|0x00000000a6c00000, 0x00000000a6c00000, 0x00000000a6d00000|  0%| F|  |TAMS 0x00000000a6c00000, 0x00000000a6c00000| Untracked 
| 109|0x00000000a6d00000, 0x00000000a6d00000, 0x00000000a6e00000|  0%| F|  |TAMS 0x00000000a6d00000, 0x00000000a6d00000| Untracked 
| 110|0x00000000a6e00000, 0x00000000a6e00000, 0x00000000a6f00000|  0%| F|  |TAMS 0x00000000a6e00000, 0x00000000a6e00000| Untracked 
| 111|0x00000000a6f00000, 0x00000000a6f00000, 0x00000000a7000000|  0%| F|  |TAMS 0x00000000a6f00000, 0x00000000a6f00000| Untracked 
| 112|0x00000000a7000000, 0x00000000a7000000, 0x00000000a7100000|  0%| F|  |TAMS 0x00000000a7000000, 0x00000000a7000000| Untracked 
| 113|0x00000000a7100000, 0x00000000a7100000, 0x00000000a7200000|  0%| F|  |TAMS 0x00000000a7100000, 0x00000000a7100000| Untracked 
| 114|0x00000000a7200000, 0x00000000a7200000, 0x00000000a7300000|  0%| F|  |TAMS 0x00000000a7200000, 0x00000000a7200000| Untracked 
| 115|0x00000000a7300000, 0x00000000a7300000, 0x00000000a7400000|  0%| F|  |TAMS 0x00000000a7300000, 0x00000000a7300000| Untracked 
| 116|0x00000000a7400000, 0x00000000a7400000, 0x00000000a7500000|  0%| F|  |TAMS 0x00000000a7400000, 0x00000000a7400000| Untracked 
| 117|0x00000000a7500000, 0x00000000a7500000, 0x00000000a7600000|  0%| F|  |TAMS 0x00000000a7500000, 0x00000000a7500000| Untracked 
| 118|0x00000000a7600000, 0x00000000a7600000, 0x00000000a7700000|  0%| F|  |TAMS 0x00000000a7600000, 0x00000000a7600000| Untracked 
| 119|0x00000000a7700000, 0x00000000a7700000, 0x00000000a7800000|  0%| F|  |TAMS 0x00000000a7700000, 0x00000000a7700000| Untracked 
| 120|0x00000000a7800000, 0x00000000a7800000, 0x00000000a7900000|  0%| F|  |TAMS 0x00000000a7800000, 0x00000000a7800000| Untracked 
| 121|0x00000000a7900000, 0x00000000a7900000, 0x00000000a7a00000|  0%| F|  |TAMS 0x00000000a7900000, 0x00000000a7900000| Untracked 
| 122|0x00000000a7a00000, 0x00000000a7a00000, 0x00000000a7b00000|  0%| F|  |TAMS 0x00000000a7a00000, 0x00000000a7a00000| Untracked 
| 123|0x00000000a7b00000, 0x00000000a7b00000, 0x00000000a7c00000|  0%| F|  |TAMS 0x00000000a7b00000, 0x00000000a7b00000| Untracked 
| 124|0x00000000a7c00000, 0x00000000a7c00000, 0x00000000a7d00000|  0%| F|  |TAMS 0x00000000a7c00000, 0x00000000a7c00000| Untracked 
| 125|0x00000000a7d00000, 0x00000000a7d00000, 0x00000000a7e00000|  0%| F|  |TAMS 0x00000000a7d00000, 0x00000000a7d00000| Untracked 
| 126|0x00000000a7e00000, 0x00000000a7e00000, 0x00000000a7f00000|  0%| F|  |TAMS 0x00000000a7e00000, 0x00000000a7e00000| Untracked 
| 127|0x00000000a7f00000, 0x00000000a7f00000, 0x00000000a8000000|  0%| F|  |TAMS 0x00000000a7f00000, 0x00000000a7f00000| Untracked 
| 128|0x00000000a8000000, 0x00000000a8000000, 0x00000000a8100000|  0%| F|  |TAMS 0x00000000a8000000, 0x00000000a8000000| Untracked 
| 129|0x00000000a8100000, 0x00000000a8100000, 0x00000000a8200000|  0%| F|  |TAMS 0x00000000a8100000, 0x00000000a8100000| Untracked 
| 130|0x00000000a8200000, 0x00000000a8200000, 0x00000000a8300000|  0%| F|  |TAMS 0x00000000a8200000, 0x00000000a8200000| Untracked 
| 131|0x00000000a8300000, 0x00000000a8300000, 0x00000000a8400000|  0%| F|  |TAMS 0x00000000a8300000, 0x00000000a8300000| Untracked 
| 132|0x00000000a8400000, 0x00000000a8400000, 0x00000000a8500000|  0%| F|  |TAMS 0x00000000a8400000, 0x00000000a8400000| Untracked 
| 133|0x00000000a8500000, 0x00000000a8500000, 0x00000000a8600000|  0%| F|  |TAMS 0x00000000a8500000, 0x00000000a8500000| Untracked 
| 134|0x00000000a8600000, 0x00000000a8600000, 0x00000000a8700000|  0%| F|  |TAMS 0x00000000a8600000, 0x00000000a8600000| Untracked 
| 135|0x00000000a8700000, 0x00000000a8700000, 0x00000000a8800000|  0%| F|  |TAMS 0x00000000a8700000, 0x00000000a8700000| Untracked 
| 136|0x00000000a8800000, 0x00000000a88d1688, 0x00000000a8900000| 81%| S|CS|TAMS 0x00000000a8800000, 0x00000000a8800000| Complete 
| 137|0x00000000a8900000, 0x00000000a8a00000, 0x00000000a8a00000|100%| S|CS|TAMS 0x00000000a8900000, 0x00000000a8900000| Complete 
| 138|0x00000000a8a00000, 0x00000000a8b00000, 0x00000000a8b00000|100%| S|CS|TAMS 0x00000000a8a00000, 0x00000000a8a00000| Complete 
| 139|0x00000000a8b00000, 0x00000000a8c00000, 0x00000000a8c00000|100%| S|CS|TAMS 0x00000000a8b00000, 0x00000000a8b00000| Complete 
| 140|0x00000000a8c00000, 0x00000000a8d00000, 0x00000000a8d00000|100%| S|CS|TAMS 0x00000000a8c00000, 0x00000000a8c00000| Complete 
| 141|0x00000000a8d00000, 0x00000000a8e00000, 0x00000000a8e00000|100%| S|CS|TAMS 0x00000000a8d00000, 0x00000000a8d00000| Complete 
| 142|0x00000000a8e00000, 0x00000000a8f00000, 0x00000000a8f00000|100%| S|CS|TAMS 0x00000000a8e00000, 0x00000000a8e00000| Complete 
| 143|0x00000000a8f00000, 0x00000000a8f00000, 0x00000000a9000000|  0%| F|  |TAMS 0x00000000a8f00000, 0x00000000a8f00000| Untracked 
| 144|0x00000000a9000000, 0x00000000a9000000, 0x00000000a9100000|  0%| F|  |TAMS 0x00000000a9000000, 0x00000000a9000000| Untracked 
| 145|0x00000000a9100000, 0x00000000a9100000, 0x00000000a9200000|  0%| F|  |TAMS 0x00000000a9100000, 0x00000000a9100000| Untracked 
| 146|0x00000000a9200000, 0x00000000a9200000, 0x00000000a9300000|  0%| F|  |TAMS 0x00000000a9200000, 0x00000000a9200000| Untracked 
| 147|0x00000000a9300000, 0x00000000a9300000, 0x00000000a9400000|  0%| F|  |TAMS 0x00000000a9300000, 0x00000000a9300000| Untracked 
| 148|0x00000000a9400000, 0x00000000a9400000, 0x00000000a9500000|  0%| F|  |TAMS 0x00000000a9400000, 0x00000000a9400000| Untracked 
| 149|0x00000000a9500000, 0x00000000a9500000, 0x00000000a9600000|  0%| F|  |TAMS 0x00000000a9500000, 0x00000000a9500000| Untracked 
| 150|0x00000000a9600000, 0x00000000a9600000, 0x00000000a9700000|  0%| F|  |TAMS 0x00000000a9600000, 0x00000000a9600000| Untracked 
| 151|0x00000000a9700000, 0x00000000a9700000, 0x00000000a9800000|  0%| F|  |TAMS 0x00000000a9700000, 0x00000000a9700000| Untracked 
| 152|0x00000000a9800000, 0x00000000a9800000, 0x00000000a9900000|  0%| F|  |TAMS 0x00000000a9800000, 0x00000000a9800000| Untracked 
| 153|0x00000000a9900000, 0x00000000a9900000, 0x00000000a9a00000|  0%| F|  |TAMS 0x00000000a9900000, 0x00000000a9900000| Untracked 
| 154|0x00000000a9a00000, 0x00000000a9a00000, 0x00000000a9b00000|  0%| F|  |TAMS 0x00000000a9a00000, 0x00000000a9a00000| Untracked 
| 155|0x00000000a9b00000, 0x00000000a9b00000, 0x00000000a9c00000|  0%| F|  |TAMS 0x00000000a9b00000, 0x00000000a9b00000| Untracked 
| 156|0x00000000a9c00000, 0x00000000a9c00000, 0x00000000a9d00000|  0%| F|  |TAMS 0x00000000a9c00000, 0x00000000a9c00000| Untracked 
| 157|0x00000000a9d00000, 0x00000000a9d00000, 0x00000000a9e00000|  0%| F|  |TAMS 0x00000000a9d00000, 0x00000000a9d00000| Untracked 
| 158|0x00000000a9e00000, 0x00000000a9e00000, 0x00000000a9f00000|  0%| F|  |TAMS 0x00000000a9e00000, 0x00000000a9e00000| Untracked 
| 159|0x00000000a9f00000, 0x00000000a9f00000, 0x00000000aa000000|  0%| F|  |TAMS 0x00000000a9f00000, 0x00000000a9f00000| Untracked 
| 160|0x00000000aa000000, 0x00000000aa000000, 0x00000000aa100000|  0%| F|  |TAMS 0x00000000aa000000, 0x00000000aa000000| Untracked 
| 161|0x00000000aa100000, 0x00000000aa100000, 0x00000000aa200000|  0%| F|  |TAMS 0x00000000aa100000, 0x00000000aa100000| Untracked 
| 162|0x00000000aa200000, 0x00000000aa200000, 0x00000000aa300000|  0%| F|  |TAMS 0x00000000aa200000, 0x00000000aa200000| Untracked 
| 163|0x00000000aa300000, 0x00000000aa300000, 0x00000000aa400000|  0%| F|  |TAMS 0x00000000aa300000, 0x00000000aa300000| Untracked 
| 164|0x00000000aa400000, 0x00000000aa400000, 0x00000000aa500000|  0%| F|  |TAMS 0x00000000aa400000, 0x00000000aa400000| Untracked 
| 165|0x00000000aa500000, 0x00000000aa500000, 0x00000000aa600000|  0%| F|  |TAMS 0x00000000aa500000, 0x00000000aa500000| Untracked 
| 166|0x00000000aa600000, 0x00000000aa600000, 0x00000000aa700000|  0%| F|  |TAMS 0x00000000aa600000, 0x00000000aa600000| Untracked 
| 167|0x00000000aa700000, 0x00000000aa700000, 0x00000000aa800000|  0%| F|  |TAMS 0x00000000aa700000, 0x00000000aa700000| Untracked 
| 168|0x00000000aa800000, 0x00000000aa800000, 0x00000000aa900000|  0%| F|  |TAMS 0x00000000aa800000, 0x00000000aa800000| Untracked 
| 169|0x00000000aa900000, 0x00000000aa900000, 0x00000000aaa00000|  0%| F|  |TAMS 0x00000000aa900000, 0x00000000aa900000| Untracked 
| 170|0x00000000aaa00000, 0x00000000aaa00000, 0x00000000aab00000|  0%| F|  |TAMS 0x00000000aaa00000, 0x00000000aaa00000| Untracked 
| 171|0x00000000aab00000, 0x00000000aab00000, 0x00000000aac00000|  0%| F|  |TAMS 0x00000000aab00000, 0x00000000aab00000| Untracked 
| 172|0x00000000aac00000, 0x00000000aac00000, 0x00000000aad00000|  0%| F|  |TAMS 0x00000000aac00000, 0x00000000aac00000| Untracked 
| 173|0x00000000aad00000, 0x00000000aad00000, 0x00000000aae00000|  0%| F|  |TAMS 0x00000000aad00000, 0x00000000aad00000| Untracked 
| 174|0x00000000aae00000, 0x00000000aae00000, 0x00000000aaf00000|  0%| F|  |TAMS 0x00000000aae00000, 0x00000000aae00000| Untracked 
| 175|0x00000000aaf00000, 0x00000000aaf00000, 0x00000000ab000000|  0%| F|  |TAMS 0x00000000aaf00000, 0x00000000aaf00000| Untracked 
| 176|0x00000000ab000000, 0x00000000ab000000, 0x00000000ab100000|  0%| F|  |TAMS 0x00000000ab000000, 0x00000000ab000000| Untracked 
| 177|0x00000000ab100000, 0x00000000ab100000, 0x00000000ab200000|  0%| F|  |TAMS 0x00000000ab100000, 0x00000000ab100000| Untracked 
| 178|0x00000000ab200000, 0x00000000ab200000, 0x00000000ab300000|  0%| F|  |TAMS 0x00000000ab200000, 0x00000000ab200000| Untracked 
| 179|0x00000000ab300000, 0x00000000ab300000, 0x00000000ab400000|  0%| F|  |TAMS 0x00000000ab300000, 0x00000000ab300000| Untracked 
| 180|0x00000000ab400000, 0x00000000ab400000, 0x00000000ab500000|  0%| F|  |TAMS 0x00000000ab400000, 0x00000000ab400000| Untracked 
| 181|0x00000000ab500000, 0x00000000ab500000, 0x00000000ab600000|  0%| F|  |TAMS 0x00000000ab500000, 0x00000000ab500000| Untracked 
| 182|0x00000000ab600000, 0x00000000ab600000, 0x00000000ab700000|  0%| F|  |TAMS 0x00000000ab600000, 0x00000000ab600000| Untracked 
| 183|0x00000000ab700000, 0x00000000ab700000, 0x00000000ab800000|  0%| F|  |TAMS 0x00000000ab700000, 0x00000000ab700000| Untracked 
| 184|0x00000000ab800000, 0x00000000ab800000, 0x00000000ab900000|  0%| F|  |TAMS 0x00000000ab800000, 0x00000000ab800000| Untracked 
| 185|0x00000000ab900000, 0x00000000ab900000, 0x00000000aba00000|  0%| F|  |TAMS 0x00000000ab900000, 0x00000000ab900000| Untracked 
| 186|0x00000000aba00000, 0x00000000aba00000, 0x00000000abb00000|  0%| F|  |TAMS 0x00000000aba00000, 0x00000000aba00000| Untracked 
| 187|0x00000000abb00000, 0x00000000abb00000, 0x00000000abc00000|  0%| F|  |TAMS 0x00000000abb00000, 0x00000000abb00000| Untracked 
| 188|0x00000000abc00000, 0x00000000abc00000, 0x00000000abd00000|  0%| F|  |TAMS 0x00000000abc00000, 0x00000000abc00000| Untracked 
| 189|0x00000000abd00000, 0x00000000abd00000, 0x00000000abe00000|  0%| F|  |TAMS 0x00000000abd00000, 0x00000000abd00000| Untracked 
| 190|0x00000000abe00000, 0x00000000abe00000, 0x00000000abf00000|  0%| F|  |TAMS 0x00000000abe00000, 0x00000000abe00000| Untracked 
| 191|0x00000000abf00000, 0x00000000abf00000, 0x00000000ac000000|  0%| F|  |TAMS 0x00000000abf00000, 0x00000000abf00000| Untracked 
| 192|0x00000000ac000000, 0x00000000ac000000, 0x00000000ac100000|  0%| F|  |TAMS 0x00000000ac000000, 0x00000000ac000000| Untracked 
| 193|0x00000000ac100000, 0x00000000ac100000, 0x00000000ac200000|  0%| F|  |TAMS 0x00000000ac100000, 0x00000000ac100000| Untracked 
| 194|0x00000000ac200000, 0x00000000ac2ae600, 0x00000000ac300000| 68%| E|  |TAMS 0x00000000ac200000, 0x00000000ac200000| Complete 
| 195|0x00000000ac300000, 0x00000000ac400000, 0x00000000ac400000|100%| E|CS|TAMS 0x00000000ac300000, 0x00000000ac300000| Complete 
| 196|0x00000000ac400000, 0x00000000ac500000, 0x00000000ac500000|100%| E|CS|TAMS 0x00000000ac400000, 0x00000000ac400000| Complete 
| 197|0x00000000ac500000, 0x00000000ac600000, 0x00000000ac600000|100%| E|CS|TAMS 0x00000000ac500000, 0x00000000ac500000| Complete 
| 198|0x00000000ac600000, 0x00000000ac700000, 0x00000000ac700000|100%| E|CS|TAMS 0x00000000ac600000, 0x00000000ac600000| Complete 
| 199|0x00000000ac700000, 0x00000000ac800000, 0x00000000ac800000|100%| E|CS|TAMS 0x00000000ac700000, 0x00000000ac700000| Complete 
| 200|0x00000000ac800000, 0x00000000ac900000, 0x00000000ac900000|100%| E|CS|TAMS 0x00000000ac800000, 0x00000000ac800000| Complete 
| 201|0x00000000ac900000, 0x00000000aca00000, 0x00000000aca00000|100%| E|CS|TAMS 0x00000000ac900000, 0x00000000ac900000| Complete 
| 202|0x00000000aca00000, 0x00000000acb00000, 0x00000000acb00000|100%| E|CS|TAMS 0x00000000aca00000, 0x00000000aca00000| Complete 
| 203|0x00000000acb00000, 0x00000000acc00000, 0x00000000acc00000|100%| E|CS|TAMS 0x00000000acb00000, 0x00000000acb00000| Complete 
| 204|0x00000000acc00000, 0x00000000acd00000, 0x00000000acd00000|100%| E|CS|TAMS 0x00000000acc00000, 0x00000000acc00000| Complete 
| 205|0x00000000acd00000, 0x00000000ace00000, 0x00000000ace00000|100%| E|CS|TAMS 0x00000000acd00000, 0x00000000acd00000| Complete 
| 206|0x00000000ace00000, 0x00000000acf00000, 0x00000000acf00000|100%| E|CS|TAMS 0x00000000ace00000, 0x00000000ace00000| Complete 
| 207|0x00000000acf00000, 0x00000000ad000000, 0x00000000ad000000|100%| E|CS|TAMS 0x00000000acf00000, 0x00000000acf00000| Complete 
| 208|0x00000000ad000000, 0x00000000ad100000, 0x00000000ad100000|100%| E|CS|TAMS 0x00000000ad000000, 0x00000000ad000000| Complete 
| 209|0x00000000ad100000, 0x00000000ad200000, 0x00000000ad200000|100%| E|  |TAMS 0x00000000ad100000, 0x00000000ad100000| Complete 
| 210|0x00000000ad200000, 0x00000000ad300000, 0x00000000ad300000|100%| E|CS|TAMS 0x00000000ad200000, 0x00000000ad200000| Complete 
| 211|0x00000000ad300000, 0x00000000ad400000, 0x00000000ad400000|100%| E|CS|TAMS 0x00000000ad300000, 0x00000000ad300000| Complete 
| 212|0x00000000ad400000, 0x00000000ad500000, 0x00000000ad500000|100%| E|CS|TAMS 0x00000000ad400000, 0x00000000ad400000| Complete 
| 213|0x00000000ad500000, 0x00000000ad600000, 0x00000000ad600000|100%| E|CS|TAMS 0x00000000ad500000, 0x00000000ad500000| Complete 
| 214|0x00000000ad600000, 0x00000000ad700000, 0x00000000ad700000|100%| E|CS|TAMS 0x00000000ad600000, 0x00000000ad600000| Complete 
| 215|0x00000000ad700000, 0x00000000ad800000, 0x00000000ad800000|100%| E|CS|TAMS 0x00000000ad700000, 0x00000000ad700000| Complete 
| 216|0x00000000ad800000, 0x00000000ad900000, 0x00000000ad900000|100%| E|CS|TAMS 0x00000000ad800000, 0x00000000ad800000| Complete 
| 217|0x00000000ad900000, 0x00000000ada00000, 0x00000000ada00000|100%| E|CS|TAMS 0x00000000ad900000, 0x00000000ad900000| Complete 
| 218|0x00000000ada00000, 0x00000000adb00000, 0x00000000adb00000|100%| E|CS|TAMS 0x00000000ada00000, 0x00000000ada00000| Complete 
| 219|0x00000000adb00000, 0x00000000adc00000, 0x00000000adc00000|100%| E|CS|TAMS 0x00000000adb00000, 0x00000000adb00000| Complete 
| 253|0x00000000afd00000, 0x00000000afe00000, 0x00000000afe00000|100%| E|CS|TAMS 0x00000000afd00000, 0x00000000afd00000| Complete 

Card table byte_map: [0x00000159aec90000,0x00000159aef90000] _byte_map_base: 0x00000159ae790000

Marking Bits (Prev, Next): (CMBitMap*) 0x000001599bfaa9f0, (CMBitMap*) 0x000001599bfaaa30
 Prev Bits: [0x00000159af290000, 0x00000159b0a90000)
 Next Bits: [0x00000159b0a90000, 0x00000159b2290000)

Polling page: 0x0000015999ed0000

Metaspace:

Usage:
  Non-class:     90.37 MB used.
      Class:     14.38 MB used.
       Both:    104.76 MB used.

Virtual space:
  Non-class space:      128.00 MB reserved,      90.69 MB ( 71%) committed,  2 nodes.
      Class space:        1.00 GB reserved,      14.75 MB (  1%) committed,  1 nodes.
             Both:        1.12 GB reserved,     105.44 MB (  9%) committed. 

Chunk freelists:
   Non-Class:  4.86 MB
       Class:  1.23 MB
        Both:  6.09 MB

MaxMetaspaceSize: unlimited
CompressedClassSpaceSize: 1.00 GB
Initial GC threshold: 21.00 MB
Current GC threshold: 139.38 MB
CDS: off
MetaspaceReclaimPolicy: balanced
 - commit_granule_bytes: 65536.
 - commit_granule_words: 8192.
 - virtual_space_node_default_size: 8388608.
 - enlarge_chunks_in_place: 1.
 - new_chunks_are_fully_committed: 0.
 - uncommit_free_chunks: 1.
 - use_allocation_guard: 0.
 - handle_deallocations: 1.


Internal statistics:

num_allocs_failed_limit: 6.
num_arena_births: 960.
num_arena_deaths: 20.
num_vsnodes_births: 3.
num_vsnodes_deaths: 0.
num_space_committed: 1687.
num_space_uncommitted: 0.
num_chunks_returned_to_freelist: 33.
num_chunks_taken_from_freelist: 4929.
num_chunk_merges: 13.
num_chunk_splits: 3281.
num_chunks_enlarged: 2261.
num_inconsistent_stats: 0.

CodeHeap 'non-profiled nmethods': size=120000Kb used=4573Kb max_used=4573Kb free=115426Kb
 bounds [0x00000159a6f00000, 0x00000159a7380000, 0x00000159ae430000]
CodeHeap 'profiled nmethods': size=120000Kb used=22497Kb max_used=22497Kb free=97502Kb
 bounds [0x000001599f430000, 0x00000159a0a30000, 0x00000159a6960000]
CodeHeap 'non-nmethods': size=5760Kb used=2411Kb max_used=2453Kb free=3348Kb
 bounds [0x00000159a6960000, 0x00000159a6bd0000, 0x00000159a6f00000]
 total_blobs=13611 nmethods=12661 adapters=861
 compilation: enabled
              stopped_count=0, restarted_count=0
 full_count=0

Compilation events (20 events):
Event: 12.288 Thread 0x00000159b5119240 nmethod 13853 0x00000159a0a23390 code [0x00000159a0a23580, 0x00000159a0a239e8]
Event: 12.288 Thread 0x00000159b5119240 13855       2       com.android.tools.r8.internal.uq::a (88 bytes)
Event: 12.288 Thread 0x00000159b5119240 nmethod 13855 0x00000159a0a23b90 code [0x00000159a0a23da0, 0x00000159a0a241e8]
Event: 12.288 Thread 0x00000159b5119240 13854       2       com.android.tools.r8.internal.No::a (308 bytes)
Event: 12.289 Thread 0x00000159b5119240 nmethod 13854 0x00000159a0a24390 code [0x00000159a0a245e0, 0x00000159a0a24c68]
Event: 12.289 Thread 0x00000159b5119240 13857       2       com.android.tools.r8.internal.h9::c (2 bytes)
Event: 12.289 Thread 0x00000159b5119240 nmethod 13857 0x00000159a0a25110 code [0x00000159a0a252a0, 0x00000159a0a253b8]
Event: 12.289 Thread 0x00000159b5119240 13858       1       com.android.tools.r8.internal.cY::isPrimitive (2 bytes)
Event: 12.289 Thread 0x00000159b5119240 nmethod 13858 0x00000159a7377190 code [0x00000159a7377320, 0x00000159a73773f8]
Event: 12.289 Thread 0x00000159b5119240 13859       1       com.android.tools.r8.internal.cY::K (2 bytes)
Event: 12.289 Thread 0x00000159b5119240 nmethod 13859 0x00000159a7377490 code [0x00000159a7377620, 0x00000159a73776f8]
Event: 12.289 Thread 0x00000159b5119240 13860       2       com.android.tools.r8.internal.G50::c (15 bytes)
Event: 12.289 Thread 0x00000159b5119240 nmethod 13860 0x00000159a0a25490 code [0x00000159a0a25620, 0x00000159a0a25788]
Event: 12.289 Thread 0x00000159b5119240 13861       2       java.util.Collections$SetFromMap::iterator (10 bytes)
Event: 12.289 Thread 0x00000159b5119240 nmethod 13861 0x00000159a0a25890 code [0x00000159a0a25a20, 0x00000159a0a25b48]
Event: 12.289 Thread 0x00000159b5119240 13862       2       com.android.tools.r8.internal.jO::a (447 bytes)
Event: 12.291 Thread 0x00000159b5119240 nmethod 13862 0x00000159a0a25c10 code [0x00000159a0a26000, 0x00000159a0a274f8]
Event: 12.291 Thread 0x00000159b5119240 13863       2       com.android.tools.r8.internal.G50::a (15 bytes)
Event: 12.292 Thread 0x00000159b5119240 nmethod 13863 0x00000159a0a28210 code [0x00000159a0a283a0, 0x00000159a0a28508]
Event: 12.292 Thread 0x00000159b5119240 13865       2       com.android.tools.r8.internal.jO::h (15 bytes)

GC Heap History (20 events):
Event: 7.344 GC heap before
{Heap before GC invocations=24 (full 0):
 garbage-first heap   total 129024K, used 103422K [0x00000000a0000000, 0x0000000100000000)
  region size 1024K, 46 young (47104K), 3 survivors (3072K)
 Metaspace       used 80324K, committed 80832K, reserved 1179648K
  class space    used 10913K, committed 11136K, reserved 1048576K
}
Event: 7.350 GC heap after
{Heap after GC invocations=25 (full 0):
 garbage-first heap   total 129024K, used 63182K [0x00000000a0000000, 0x0000000100000000)
  region size 1024K, 6 young (6144K), 6 survivors (6144K)
 Metaspace       used 80324K, committed 80832K, reserved 1179648K
  class space    used 10913K, committed 11136K, reserved 1048576K
}
Event: 7.718 GC heap before
{Heap before GC invocations=25 (full 0):
 garbage-first heap   total 129024K, used 104142K [0x00000000a0000000, 0x0000000100000000)
  region size 1024K, 47 young (48128K), 6 survivors (6144K)
 Metaspace       used 82746K, committed 83392K, reserved 1179648K
  class space    used 11407K, committed 11712K, reserved 1048576K
}
Event: 7.725 GC heap after
{Heap after GC invocations=26 (full 0):
 garbage-first heap   total 129024K, used 67142K [0x00000000a0000000, 0x0000000100000000)
  region size 1024K, 4 young (4096K), 4 survivors (4096K)
 Metaspace       used 82746K, committed 83392K, reserved 1179648K
  class space    used 11407K, committed 11712K, reserved 1048576K
}
Event: 8.008 GC heap before
{Heap before GC invocations=26 (full 0):
 garbage-first heap   total 129024K, used 104006K [0x00000000a0000000, 0x0000000100000000)
  region size 1024K, 41 young (41984K), 4 survivors (4096K)
 Metaspace       used 83317K, committed 83904K, reserved 1179648K
  class space    used 11448K, committed 11712K, reserved 1048576K
}
Event: 8.015 GC heap after
{Heap after GC invocations=27 (full 0):
 garbage-first heap   total 129024K, used 70298K [0x00000000a0000000, 0x0000000100000000)
  region size 1024K, 4 young (4096K), 4 survivors (4096K)
 Metaspace       used 83317K, committed 83904K, reserved 1179648K
  class space    used 11448K, committed 11712K, reserved 1048576K
}
Event: 8.242 GC heap before
{Heap before GC invocations=28 (full 0):
 garbage-first heap   total 132096K, used 104090K [0x00000000a0000000, 0x0000000100000000)
  region size 1024K, 38 young (38912K), 4 survivors (4096K)
 Metaspace       used 83598K, committed 84224K, reserved 1179648K
  class space    used 11465K, committed 11776K, reserved 1048576K
}
Event: 8.246 GC heap after
{Heap after GC invocations=29 (full 0):
 garbage-first heap   total 132096K, used 72754K [0x00000000a0000000, 0x0000000100000000)
  region size 1024K, 3 young (3072K), 3 survivors (3072K)
 Metaspace       used 83598K, committed 84224K, reserved 1179648K
  class space    used 11465K, committed 11776K, reserved 1048576K
}
Event: 8.259 GC heap before
{Heap before GC invocations=29 (full 0):
 garbage-first heap   total 132096K, used 75826K [0x00000000a0000000, 0x0000000100000000)
  region size 1024K, 6 young (6144K), 3 survivors (3072K)
 Metaspace       used 83622K, committed 84288K, reserved 1179648K
  class space    used 11465K, committed 11776K, reserved 1048576K
}
Event: 8.262 GC heap after
{Heap after GC invocations=30 (full 0):
 garbage-first heap   total 132096K, used 72635K [0x00000000a0000000, 0x0000000100000000)
  region size 1024K, 1 young (1024K), 1 survivors (1024K)
 Metaspace       used 83622K, committed 84288K, reserved 1179648K
  class space    used 11465K, committed 11776K, reserved 1048576K
}
Event: 8.522 GC heap before
{Heap before GC invocations=30 (full 0):
 garbage-first heap   total 132096K, used 107451K [0x00000000a0000000, 0x0000000100000000)
  region size 1024K, 36 young (36864K), 1 survivors (1024K)
 Metaspace       used 84997K, committed 85632K, reserved 1179648K
  class space    used 11595K, committed 11904K, reserved 1048576K
}
Event: 8.527 GC heap after
{Heap after GC invocations=31 (full 0):
 garbage-first heap   total 226304K, used 75749K [0x00000000a0000000, 0x0000000100000000)
  region size 1024K, 4 young (4096K), 4 survivors (4096K)
 Metaspace       used 84997K, committed 85632K, reserved 1179648K
  class space    used 11595K, committed 11904K, reserved 1048576K
}
Event: 10.366 GC heap before
{Heap before GC invocations=32 (full 0):
 garbage-first heap   total 226304K, used 184293K [0x00000000a0000000, 0x0000000100000000)
  region size 1024K, 109 young (111616K), 4 survivors (4096K)
 Metaspace       used 94665K, committed 95296K, reserved 1179648K
  class space    used 12742K, committed 12992K, reserved 1048576K
}
Event: 10.384 GC heap after
{Heap after GC invocations=33 (full 0):
 garbage-first heap   total 226304K, used 92505K [0x00000000a0000000, 0x0000000100000000)
  region size 1024K, 14 young (14336K), 14 survivors (14336K)
 Metaspace       used 94665K, committed 95296K, reserved 1179648K
  class space    used 12742K, committed 12992K, reserved 1048576K
}
Event: 10.398 GC heap before
{Heap before GC invocations=33 (full 0):
 garbage-first heap   total 226304K, used 93529K [0x00000000a0000000, 0x0000000100000000)
  region size 1024K, 15 young (15360K), 14 survivors (14336K)
 Metaspace       used 94680K, committed 95296K, reserved 1179648K
  class space    used 12742K, committed 12992K, reserved 1048576K
}
Event: 10.410 GC heap after
{Heap after GC invocations=34 (full 0):
 garbage-first heap   total 226304K, used 93817K [0x00000000a0000000, 0x0000000100000000)
  region size 1024K, 2 young (2048K), 2 survivors (2048K)
 Metaspace       used 94680K, committed 95296K, reserved 1179648K
  class space    used 12742K, committed 12992K, reserved 1048576K
}
Event: 11.099 GC heap before
{Heap before GC invocations=34 (full 0):
 garbage-first heap   total 226304K, used 164473K [0x00000000a0000000, 0x0000000100000000)
  region size 1024K, 72 young (73728K), 2 survivors (2048K)
 Metaspace       used 95506K, committed 96192K, reserved 1179648K
  class space    used 12812K, committed 13120K, reserved 1048576K
}
Event: 11.105 GC heap after
{Heap after GC invocations=35 (full 0):
 garbage-first heap   total 226304K, used 97193K [0x00000000a0000000, 0x0000000100000000)
  region size 1024K, 5 young (5120K), 5 survivors (5120K)
 Metaspace       used 95506K, committed 96192K, reserved 1179648K
  class space    used 12812K, committed 13120K, reserved 1048576K
}
Event: 11.765 GC heap before
{Heap before GC invocations=35 (full 0):
 garbage-first heap   total 226304K, used 170921K [0x00000000a0000000, 0x0000000100000000)
  region size 1024K, 78 young (79872K), 5 survivors (5120K)
 Metaspace       used 101754K, committed 102400K, reserved 1179648K
  class space    used 13747K, committed 14080K, reserved 1048576K
}
Event: 11.770 GC heap after
{Heap after GC invocations=36 (full 0):
 garbage-first heap   total 226304K, used 99375K [0x00000000a0000000, 0x0000000100000000)
  region size 1024K, 7 young (7168K), 7 survivors (7168K)
 Metaspace       used 101754K, committed 102400K, reserved 1179648K
  class space    used 13747K, committed 14080K, reserved 1048576K
}

Dll operation events (2 events):
Event: 0.008 Loaded shared library C:\Program Files\Android\Android Studio\jbr\bin\java.dll
Event: 0.356 Loaded shared library C:\Program Files\Android\Android Studio\jbr\bin\verify.dll

Deoptimization events (20 events):
Event: 12.049 Thread 0x00000159c3536000 Uncommon trap: trap_request=0xffffff45 fr.pc=0x00000159a73509c4 relative=0x00000000000004e4
Event: 12.049 Thread 0x00000159c3536000 Uncommon trap: reason=unstable_if action=reinterpret pc=0x00000159a73509c4 method=java.util.WeakHashMap.remove(Ljava/lang/Object;)Ljava/lang/Object; @ 92 c2
Event: 12.049 Thread 0x00000159c3536000 DEOPT PACKING pc=0x00000159a73509c4 sp=0x00000025739f7930
Event: 12.049 Thread 0x00000159c3536000 DEOPT UNPACKING pc=0x00000159a69b69a3 sp=0x00000025739f7878 mode 2
Event: 12.110 Thread 0x00000159c3536000 Uncommon trap: trap_request=0xffffffc6 fr.pc=0x00000159a70b1a5c relative=0x000000000000031c
Event: 12.110 Thread 0x00000159c3536000 Uncommon trap: reason=bimorphic_or_optimized_type_check action=maybe_recompile pc=0x00000159a70b1a5c method=java.util.stream.StreamOpFlag.fromCharacteristics(Ljava/util/Spliterator;)I @ 14 c2
Event: 12.110 Thread 0x00000159c3536000 DEOPT PACKING pc=0x00000159a70b1a5c sp=0x00000025739fc610
Event: 12.110 Thread 0x00000159c3536000 DEOPT UNPACKING pc=0x00000159a69b69a3 sp=0x00000025739fc4f8 mode 2
Event: 12.219 Thread 0x00000159c3536000 Uncommon trap: trap_request=0xffffffc6 fr.pc=0x00000159a70b1a5c relative=0x000000000000031c
Event: 12.219 Thread 0x00000159c3536000 Uncommon trap: reason=bimorphic_or_optimized_type_check action=maybe_recompile pc=0x00000159a70b1a5c method=java.util.stream.StreamOpFlag.fromCharacteristics(Ljava/util/Spliterator;)I @ 14 c2
Event: 12.219 Thread 0x00000159c3536000 DEOPT PACKING pc=0x00000159a70b1a5c sp=0x00000025739fc610
Event: 12.219 Thread 0x00000159c3536000 DEOPT UNPACKING pc=0x00000159a69b69a3 sp=0x00000025739fc4f8 mode 2
Event: 12.220 Thread 0x00000159c353c030 Uncommon trap: trap_request=0xffffffc6 fr.pc=0x00000159a70b1a5c relative=0x000000000000031c
Event: 12.220 Thread 0x00000159c353c030 Uncommon trap: reason=bimorphic_or_optimized_type_check action=maybe_recompile pc=0x00000159a70b1a5c method=java.util.stream.StreamOpFlag.fromCharacteristics(Ljava/util/Spliterator;)I @ 14 c2
Event: 12.220 Thread 0x00000159c353c030 DEOPT PACKING pc=0x00000159a70b1a5c sp=0x00000025737fc7e0
Event: 12.220 Thread 0x00000159c353c030 DEOPT UNPACKING pc=0x00000159a69b69a3 sp=0x00000025737fc6c8 mode 2
Event: 12.256 Thread 0x00000159c3536000 Uncommon trap: trap_request=0xffffffc6 fr.pc=0x00000159a70b1a5c relative=0x000000000000031c
Event: 12.256 Thread 0x00000159c3536000 Uncommon trap: reason=bimorphic_or_optimized_type_check action=maybe_recompile pc=0x00000159a70b1a5c method=java.util.stream.StreamOpFlag.fromCharacteristics(Ljava/util/Spliterator;)I @ 14 c2
Event: 12.256 Thread 0x00000159c3536000 DEOPT PACKING pc=0x00000159a70b1a5c sp=0x00000025739fc610
Event: 12.256 Thread 0x00000159c3536000 DEOPT UNPACKING pc=0x00000159a69b69a3 sp=0x00000025739fc4f8 mode 2

Classes unloaded (10 events):
Event: 8.587 Thread 0x00000159b50a7020 Unloading class 0x0000000100b52400 'java/lang/invoke/LambdaForm$DMH+0x0000000100b52400'
Event: 8.587 Thread 0x00000159b50a7020 Unloading class 0x0000000100b51c00 'java/lang/invoke/LambdaForm$DMH+0x0000000100b51c00'
Event: 8.587 Thread 0x00000159b50a7020 Unloading class 0x0000000100b51800 'java/lang/invoke/LambdaForm$DMH+0x0000000100b51800'
Event: 8.587 Thread 0x00000159b50a7020 Unloading class 0x0000000100b51400 'java/lang/invoke/LambdaForm$DMH+0x0000000100b51400'
Event: 8.587 Thread 0x00000159b50a7020 Unloading class 0x0000000100b50c00 'java/lang/invoke/LambdaForm$DMH+0x0000000100b50c00'
Event: 8.587 Thread 0x00000159b50a7020 Unloading class 0x0000000100b51000 'java/lang/invoke/LambdaForm$DMH+0x0000000100b51000'
Event: 8.587 Thread 0x00000159b50a7020 Unloading class 0x0000000100b52000 'java/lang/invoke/LambdaForm$DMH+0x0000000100b52000'
Event: 8.587 Thread 0x00000159b50a7020 Unloading class 0x0000000100b50800 'java/lang/invoke/LambdaForm$DMH+0x0000000100b50800'
Event: 8.587 Thread 0x00000159b50a7020 Unloading class 0x0000000100b50400 'java/lang/invoke/LambdaForm$DMH+0x0000000100b50400'
Event: 8.587 Thread 0x00000159b50a7020 Unloading class 0x0000000100b41400 'java/lang/invoke/LambdaForm$DMH+0x0000000100b41400'

Classes redefined (0 events):
No events

Internal exceptions (20 events):
Event: 11.723 Thread 0x00000159c353c030 Exception <a 'java/lang/NoSuchMethodError'{0x00000000a97f5798}: 'void java.lang.invoke.DirectMethodHandle$Holder.invokeStatic(java.lang.Object, java.lang.Object, java.lang.Object, int)'> (0x00000000a97f5798) 
thrown [s\src\hotspot\share\interpreter\linkResolver.cpp, line 771]
Event: 11.723 Thread 0x00000159c3536000 Exception <a 'java/lang/NoSuchMethodError'{0x00000000a97f9900}: 'void java.lang.invoke.DirectMethodHandle$Holder.invokeStatic(java.lang.Object, java.lang.Object, java.lang.Object, int)'> (0x00000000a97f9900) 
thrown [s\src\hotspot\share\interpreter\linkResolver.cpp, line 771]
Event: 11.724 Thread 0x00000159c353c030 Exception <a 'java/lang/IncompatibleClassChangeError'{0x00000000a9605000}: Found class java.lang.Object, but interface was expected> (0x00000000a9605000) 
thrown [s\src\hotspot\share\interpreter\linkResolver.cpp, line 838]
Event: 11.724 Thread 0x00000159c3536000 Exception <a 'java/lang/IncompatibleClassChangeError'{0x00000000a9603f40}: Found class java.lang.Object, but interface was expected> (0x00000000a9603f40) 
thrown [s\src\hotspot\share\interpreter\linkResolver.cpp, line 838]
Event: 11.783 Thread 0x00000159c3536000 Exception <a 'java/lang/NoSuchMethodError'{0x00000000afdb89f0}: 'java.lang.Object java.lang.invoke.DirectMethodHandle$Holder.invokeStatic(java.lang.Object, int, java.lang.Object, java.lang.Object)'> (0x00000000afdb89f0) 
thrown [s\src\hotspot\share\interpreter\linkResolver.cpp, line 771]
Event: 11.783 Thread 0x00000159c353c030 Exception <a 'java/lang/NoSuchMethodError'{0x00000000afdcc678}: 'java.lang.Object java.lang.invoke.DirectMethodHandle$Holder.invokeStatic(java.lang.Object, int, java.lang.Object, java.lang.Object)'> (0x00000000afdcc678) 
thrown [s\src\hotspot\share\interpreter\linkResolver.cpp, line 771]
Event: 11.784 Thread 0x00000159c3536000 Exception <a 'java/lang/NoSuchMethodError'{0x00000000afdf0d08}: 'java.lang.Object java.lang.invoke.DirectMethodHandle$Holder.invokeStatic(java.lang.Object, java.lang.Object, int, java.lang.Object, java.lang.Object)'> (0x00000000afdf0d08) 
thrown [s\src\hotspot\share\interpreter\linkResolver.cpp, line 771]
Event: 11.784 Thread 0x00000159c353c030 Exception <a 'java/lang/NoSuchMethodError'{0x00000000afddc4f0}: 'java.lang.Object java.lang.invoke.DirectMethodHandle$Holder.invokeStatic(java.lang.Object, java.lang.Object, int, java.lang.Object, java.lang.Object)'> (0x00000000afddc4f0) 
thrown [s\src\hotspot\share\interpreter\linkResolver.cpp, line 771]
Event: 11.983 Thread 0x00000159c3536000 Exception <a 'java/lang/IncompatibleClassChangeError'{0x00000000ad16b8d8}: Found class java.lang.Object, but interface was expected> (0x00000000ad16b8d8) 
thrown [s\src\hotspot\share\interpreter\linkResolver.cpp, line 838]
Event: 11.983 Thread 0x00000159c353c030 Exception <a 'java/lang/IncompatibleClassChangeError'{0x00000000ad1c1f08}: Found class java.lang.Object, but interface was expected> (0x00000000ad1c1f08) 
thrown [s\src\hotspot\share\interpreter\linkResolver.cpp, line 838]
Event: 11.984 Thread 0x00000159c353c030 Exception <a 'java/lang/IncompatibleClassChangeError'{0x00000000ad1cb108}: Found class java.lang.Object, but interface was expected> (0x00000000ad1cb108) 
thrown [s\src\hotspot\share\interpreter\linkResolver.cpp, line 838]
Event: 11.984 Thread 0x00000159c3536000 Exception <a 'java/lang/IncompatibleClassChangeError'{0x00000000ad16ee70}: Found class java.lang.Object, but interface was expected> (0x00000000ad16ee70) 
thrown [s\src\hotspot\share\interpreter\linkResolver.cpp, line 838]
Event: 12.055 Thread 0x00000159c353c030 Exception <a 'java/lang/NoSuchMethodError'{0x00000000ace90d78}: 'void java.lang.invoke.DirectMethodHandle$Holder.invokeSpecial(java.lang.Object, java.lang.Object, int, java.lang.Object)'> (0x00000000ace90d78) 
thrown [s\src\hotspot\share\interpreter\linkResolver.cpp, line 771]
Event: 12.140 Thread 0x00000159c3536000 Exception <a 'java/lang/NoSuchMethodError'{0x00000000acbcb2b0}: 'int java.lang.invoke.DirectMethodHandle$Holder.invokeSpecial(java.lang.Object, java.lang.Object, java.lang.Object, int)'> (0x00000000acbcb2b0) 
thrown [s\src\hotspot\share\interpreter\linkResolver.cpp, line 771]
Event: 12.148 Thread 0x00000159c353c030 Exception <a 'java/lang/NoSuchMethodError'{0x00000000aca0afa0}: 'int java.lang.invoke.DirectMethodHandle$Holder.invokeSpecial(java.lang.Object, java.lang.Object, java.lang.Object, int, java.lang.Object)'> (0x00000000aca0afa0) 
thrown [s\src\hotspot\share\interpreter\linkResolver.cpp, line 771]
Event: 12.148 Thread 0x00000159c3536000 Exception <a 'java/lang/NoSuchMethodError'{0x00000000acbe4328}: 'int java.lang.invoke.DirectMethodHandle$Holder.invokeSpecial(java.lang.Object, java.lang.Object, java.lang.Object, int, java.lang.Object)'> (0x00000000acbe4328) 
thrown [s\src\hotspot\share\interpreter\linkResolver.cpp, line 771]
Event: 12.205 Thread 0x00000159c353c030 Exception <a 'java/lang/NoSuchMethodError'{0x00000000ac89e038}: 'long java.lang.invoke.DirectMethodHandle$Holder.invokeStatic(java.lang.Object, java.lang.Object)'> (0x00000000ac89e038) 
thrown [s\src\hotspot\share\interpreter\linkResolver.cpp, line 771]
Event: 12.280 Thread 0x00000159c353c030 Exception <a 'java/lang/NoSuchMethodError'{0x00000000ac355118}: 'java.lang.Object java.lang.invoke.DirectMethodHandle$Holder.newInvokeSpecial(java.lang.Object, java.lang.Object, int, java.lang.Object, java.lang.Object, java.lang.Object)'> (0x00000000ac355118) 
thrown [s\src\hotspot\share\interpreter\linkResolver.cpp, line 771]
Event: 12.280 Thread 0x00000159c353c030 Exception <a 'java/lang/NoSuchMethodError'{0x00000000ac35cb90}: 'java.lang.Object java.lang.invoke.Invokers$Holder.linkToTargetMethod(java.lang.Object, int, java.lang.Object, java.lang.Object, java.lang.Object, java.lang.Object)'> (0x00000000ac35cb90) 
thrown [s\src\hotspot\share\interpreter\linkResolver.cpp, line 771]
Event: 12.284 Thread 0x00000159c353c030 Exception <a 'java/lang/NoSuchMethodError'{0x00000000ac3a53a0}: 'void java.lang.invoke.DirectMethodHandle$Holder.invokeStatic(java.lang.Object, java.lang.Object, java.lang.Object, java.lang.Object, java.lang.Object, java.lang.Object, java.lang.Object, java.lang.Object)'> (0x00000000ac3a53a0) 
thrown [s\src\hotspot\share\interpreter\linkResolver.cpp, line 771]

VM Operations (20 events):
Event: 11.597 Executing VM operation: HandshakeAllThreads
Event: 11.598 Executing VM operation: HandshakeAllThreads done
Event: 11.765 Executing VM operation: G1CollectForAllocation
Event: 11.770 Executing VM operation: G1CollectForAllocation done
Event: 11.848 Executing VM operation: HandshakeAllThreads
Event: 11.849 Executing VM operation: HandshakeAllThreads done
Event: 11.918 Executing VM operation: HandshakeAllThreads
Event: 11.918 Executing VM operation: HandshakeAllThreads done
Event: 12.109 Executing VM operation: HandshakeAllThreads
Event: 12.110 Executing VM operation: HandshakeAllThreads done
Event: 12.119 Executing VM operation: HandshakeAllThreads
Event: 12.120 Executing VM operation: HandshakeAllThreads done
Event: 12.175 Executing VM operation: HandshakeAllThreads
Event: 12.175 Executing VM operation: HandshakeAllThreads done
Event: 12.208 Executing VM operation: HandshakeAllThreads
Event: 12.208 Executing VM operation: HandshakeAllThreads done
Event: 12.237 Executing VM operation: HandshakeAllThreads
Event: 12.238 Executing VM operation: HandshakeAllThreads done
Event: 12.267 Executing VM operation: ICBufferFull
Event: 12.267 Executing VM operation: ICBufferFull done

Events (20 events):
Event: 11.508 loading class java/util/concurrent/RejectedExecutionException
Event: 11.508 loading class java/util/concurrent/RejectedExecutionException done
Event: 11.618 loading class java/lang/reflect/GenericSignatureFormatError
Event: 11.618 loading class java/lang/reflect/GenericSignatureFormatError done
Event: 11.667 loading class java/util/concurrent/ConcurrentLinkedQueue$Itr
Event: 11.667 loading class java/util/concurrent/ConcurrentLinkedQueue$Itr done
Event: 12.106 loading class java/util/SortedSet$1
Event: 12.106 loading class java/util/SortedSet$1 done
Event: 12.112 loading class java/util/stream/SliceOps
Event: 12.113 loading class java/util/stream/SliceOps done
Event: 12.113 loading class java/util/stream/SliceOps$1
Event: 12.114 loading class java/util/stream/SliceOps$1 done
Event: 12.120 loading class java/util/stream/SliceOps$1$1
Event: 12.120 loading class java/util/stream/SliceOps$1$1 done
Event: 12.138 loading class java/util/IdentityHashMap$ValueIterator
Event: 12.138 loading class java/util/IdentityHashMap$ValueIterator done
Event: 12.238 loading class java/util/AbstractList$SubList
Event: 12.239 loading class java/util/AbstractList$SubList done
Event: 12.239 loading class java/util/AbstractList$SubList$1
Event: 12.239 loading class java/util/AbstractList$SubList$1 done


Dynamic libraries:
0x00007ff7c7070000 - 0x00007ff7c707a000 	C:\Program Files\Android\Android Studio\jbr\bin\java.exe
0x00007ffcb7010000 - 0x00007ffcb7227000 	C:\WINDOWS\SYSTEM32\ntdll.dll
0x00007ffcb62b0000 - 0x00007ffcb6374000 	C:\WINDOWS\System32\KERNEL32.DLL
0x00007ffcb4400000 - 0x00007ffcb47b7000 	C:\WINDOWS\System32\KERNELBASE.dll
0x00007ffcb47c0000 - 0x00007ffcb48d1000 	C:\WINDOWS\System32\ucrtbase.dll
0x00007ffc9bf00000 - 0x00007ffc9bf1b000 	C:\Program Files\Android\Android Studio\jbr\bin\VCRUNTIME140.dll
0x00007ffc89ad0000 - 0x00007ffc89ae7000 	C:\Program Files\Android\Android Studio\jbr\bin\jli.dll
0x00007ffcb4d70000 - 0x00007ffcb4f1f000 	C:\WINDOWS\System32\USER32.dll
0x00007ffcb43d0000 - 0x00007ffcb43f6000 	C:\WINDOWS\System32\win32u.dll
0x00007ffcb4d40000 - 0x00007ffcb4d69000 	C:\WINDOWS\System32\GDI32.dll
0x00007ffcb4bb0000 - 0x00007ffcb4cc8000 	C:\WINDOWS\System32\gdi32full.dll
0x00007ffcb4a50000 - 0x00007ffcb4aea000 	C:\WINDOWS\System32\msvcp_win.dll
0x00007ffc99d30000 - 0x00007ffc99fc3000 	C:\WINDOWS\WinSxS\amd64_microsoft.windows.common-controls_6595b64144ccf1df_6.0.22621.3672_none_2713b9d173822955\COMCTL32.dll
0x00007ffcb6430000 - 0x00007ffcb64d7000 	C:\WINDOWS\System32\msvcrt.dll
0x00007ffcb60b0000 - 0x00007ffcb60e1000 	C:\WINDOWS\System32\IMM32.DLL
0x00007ffca6fe0000 - 0x00007ffca6fec000 	C:\Program Files\Android\Android Studio\jbr\bin\vcruntime140_1.dll
0x00007ffc8e260000 - 0x00007ffc8e2ed000 	C:\Program Files\Android\Android Studio\jbr\bin\msvcp140.dll
0x00007ffb8cc70000 - 0x00007ffb8d8f3000 	C:\Program Files\Android\Android Studio\jbr\bin\server\jvm.dll
0x00007ffcb4fe0000 - 0x00007ffcb5092000 	C:\WINDOWS\System32\ADVAPI32.dll
0x00007ffcb6380000 - 0x00007ffcb6428000 	C:\WINDOWS\System32\sechost.dll
0x00007ffcb43a0000 - 0x00007ffcb43c8000 	C:\WINDOWS\System32\bcrypt.dll
0x00007ffcb65d0000 - 0x00007ffcb66e4000 	C:\WINDOWS\System32\RPCRT4.dll
0x00007ffcb31d0000 - 0x00007ffcb321d000 	C:\WINDOWS\SYSTEM32\POWRPROF.dll
0x00007ffca2aa0000 - 0x00007ffca2ad4000 	C:\WINDOWS\SYSTEM32\WINMM.dll
0x00007ffcae030000 - 0x00007ffcae03a000 	C:\WINDOWS\SYSTEM32\VERSION.dll
0x00007ffc98330000 - 0x00007ffc98339000 	C:\WINDOWS\SYSTEM32\WSOCK32.dll
0x00007ffcb6ad0000 - 0x00007ffcb6b41000 	C:\WINDOWS\System32\WS2_32.dll
0x00007ffcb31b0000 - 0x00007ffcb31c3000 	C:\WINDOWS\SYSTEM32\UMPDC.dll
0x00007ffcb3460000 - 0x00007ffcb3478000 	C:\WINDOWS\SYSTEM32\kernel.appcore.dll
0x00007ffca79a0000 - 0x00007ffca79aa000 	C:\Program Files\Android\Android Studio\jbr\bin\jimage.dll
0x00007ffcabc30000 - 0x00007ffcabe62000 	C:\WINDOWS\SYSTEM32\DBGHELP.DLL
0x00007ffcb5d10000 - 0x00007ffcb609e000 	C:\WINDOWS\System32\combase.dll
0x00007ffcb64f0000 - 0x00007ffcb65c7000 	C:\WINDOWS\System32\OLEAUT32.dll
0x00007ffcaced0000 - 0x00007ffcacf02000 	C:\WINDOWS\SYSTEM32\dbgcore.DLL
0x00007ffcb4320000 - 0x00007ffcb439b000 	C:\WINDOWS\System32\bcryptPrimitives.dll
0x00007ffc89cd0000 - 0x00007ffc89cf5000 	C:\Program Files\Android\Android Studio\jbr\bin\java.dll
0x00007ffc8a320000 - 0x00007ffc8a338000 	C:\Program Files\Android\Android Studio\jbr\bin\zip.dll
0x00007ffcb5410000 - 0x00007ffcb5c79000 	C:\WINDOWS\System32\SHELL32.dll
0x00007ffcb22a0000 - 0x00007ffcb2b9f000 	C:\WINDOWS\SYSTEM32\windows.storage.dll
0x00007ffcb2160000 - 0x00007ffcb229f000 	C:\WINDOWS\SYSTEM32\wintypes.dll
0x00007ffcb60f0000 - 0x00007ffcb61e9000 	C:\WINDOWS\System32\SHCORE.dll
0x00007ffcb50a0000 - 0x00007ffcb50fe000 	C:\WINDOWS\System32\shlwapi.dll
0x00007ffcb4250000 - 0x00007ffcb4277000 	C:\WINDOWS\SYSTEM32\profapi.dll
0x00007ffc8a050000 - 0x00007ffc8a069000 	C:\Program Files\Android\Android Studio\jbr\bin\net.dll
0x00007ffcae180000 - 0x00007ffcae2b6000 	C:\WINDOWS\SYSTEM32\WINHTTP.dll
0x00007ffcb38d0000 - 0x00007ffcb3939000 	C:\WINDOWS\system32\mswsock.dll
0x00007ffc89f60000 - 0x00007ffc89f76000 	C:\Program Files\Android\Android Studio\jbr\bin\nio.dll
0x00007ffc8a3e0000 - 0x00007ffc8a3f0000 	C:\Program Files\Android\Android Studio\jbr\bin\verify.dll
0x00007ffc89aa0000 - 0x00007ffc89ac7000 	C:\Users\USER-PC\.gradle\native\e1d6ef7f7dcc3fd88c89a11ec53ec762bb8ba0a96d01ffa2cd45eb1d1d8dd5c5\windows-amd64\native-platform.dll
0x00007ffc8df80000 - 0x00007ffc8e0c4000 	C:\Users\USER-PC\.gradle\native\0d407fdbe67a94daf76414ababcb853783967236a71b16ec16e742cd7a986fd3\windows-amd64\native-platform-file-events.dll
0x00007ffc8bbc0000 - 0x00007ffc8bbc9000 	C:\Program Files\Android\Android Studio\jbr\bin\management.dll
0x00007ffc8ba50000 - 0x00007ffc8ba5b000 	C:\Program Files\Android\Android Studio\jbr\bin\management_ext.dll
0x00007ffcb60a0000 - 0x00007ffcb60a8000 	C:\WINDOWS\System32\PSAPI.DLL
0x00007ffcb3b30000 - 0x00007ffcb3b4b000 	C:\WINDOWS\SYSTEM32\CRYPTSP.dll
0x00007ffcb33c0000 - 0x00007ffcb33f5000 	C:\WINDOWS\system32\rsaenh.dll
0x00007ffcb39c0000 - 0x00007ffcb39e8000 	C:\WINDOWS\SYSTEM32\USERENV.dll
0x00007ffcb3b20000 - 0x00007ffcb3b2c000 	C:\WINDOWS\SYSTEM32\CRYPTBASE.dll
0x00007ffcb2e70000 - 0x00007ffcb2e9d000 	C:\WINDOWS\SYSTEM32\IPHLPAPI.DLL
0x00007ffcb62a0000 - 0x00007ffcb62a9000 	C:\WINDOWS\System32\NSI.dll
0x00007ffcaef80000 - 0x00007ffcaef99000 	C:\WINDOWS\SYSTEM32\dhcpcsvc6.DLL
0x00007ffcaef60000 - 0x00007ffcaef7f000 	C:\WINDOWS\SYSTEM32\dhcpcsvc.DLL
0x00007ffcb2ee0000 - 0x00007ffcb2fe2000 	C:\WINDOWS\SYSTEM32\DNSAPI.dll
0x00007ffc95e00000 - 0x00007ffc95e09000 	C:\Program Files\Android\Android Studio\jbr\bin\extnet.dll
0x00007ffc17da0000 - 0x00007ffc17da8000 	C:\WINDOWS\system32\wshunix.dll

dbghelp: loaded successfully - version: 4.0.5 - missing functions: none
symbol engine: initialized successfully - sym options: 0x614 - pdb path: .;C:\Program Files\Android\Android Studio\jbr\bin;C:\WINDOWS\SYSTEM32;C:\WINDOWS\WinSxS\amd64_microsoft.windows.common-controls_6595b64144ccf1df_6.0.22621.3672_none_2713b9d173822955;C:\Program Files\Android\Android Studio\jbr\bin\server;C:\Users\USER-PC\.gradle\native\e1d6ef7f7dcc3fd88c89a11ec53ec762bb8ba0a96d01ffa2cd45eb1d1d8dd5c5\windows-amd64;C:\Users\USER-PC\.gradle\native\0d407fdbe67a94daf76414ababcb853783967236a71b16ec16e742cd7a986fd3\windows-amd64

VM Arguments:
jvm_args: --add-opens=java.base/java.util=ALL-UNNAMED --add-opens=java.base/java.lang=ALL-UNNAMED --add-opens=java.base/java.lang.invoke=ALL-UNNAMED --add-opens=java.base/java.util=ALL-UNNAMED --add-opens=java.prefs/java.util.prefs=ALL-UNNAMED --add-opens=java.prefs/java.util.prefs=ALL-UNNAMED --add-opens=java.base/java.nio.charset=ALL-UNNAMED --add-opens=java.base/java.net=ALL-UNNAMED --add-opens=java.base/java.util.concurrent.atomic=ALL-UNNAMED -Xmx1536m -Dfile.encoding=windows-1252 -Duser.country=US -Duser.language=es -Duser.variant 
java_command: org.gradle.launcher.daemon.bootstrap.GradleDaemon 7.5
java_class_path (initial): C:\Users\USER-PC\.gradle\wrapper\dists\gradle-7.5-bin\f1w0cc9nuo0eivz97x2xlu9sv\gradle-7.5\lib\gradle-launcher-7.5.jar
Launcher Type: SUN_STANDARD

[Global flags]
     intx CICompilerCount                          = 4                                         {product} {ergonomic}
     uint ConcGCThreads                            = 3                                         {product} {ergonomic}
     uint G1ConcRefinementThreads                  = 10                                        {product} {ergonomic}
   size_t G1HeapRegionSize                         = 1048576                                   {product} {ergonomic}
    uintx GCDrainStackTargetSize                   = 64                                        {product} {ergonomic}
   size_t InitialHeapSize                          = 266338304                                 {product} {ergonomic}
   size_t MarkStackSize                            = 4194304                                   {product} {ergonomic}
   size_t MaxHeapSize                              = 1610612736                                {product} {command line}
   size_t MaxNewSize                               = 965738496                                 {product} {ergonomic}
   size_t MinHeapDeltaBytes                        = 1048576                                   {product} {ergonomic}
   size_t MinHeapSize                              = 8388608                                   {product} {ergonomic}
    uintx NonNMethodCodeHeapSize                   = 5839372                                {pd product} {ergonomic}
    uintx NonProfiledCodeHeapSize                  = 122909434                              {pd product} {ergonomic}
    uintx ProfiledCodeHeapSize                     = 122909434                              {pd product} {ergonomic}
    uintx ReservedCodeCacheSize                    = 251658240                              {pd product} {ergonomic}
     bool SegmentedCodeCache                       = true                                      {product} {ergonomic}
   size_t SoftMaxHeapSize                          = 1610612736                             {manageable} {ergonomic}
     bool UseCompressedClassPointers               = true                           {product lp64_product} {ergonomic}
     bool UseCompressedOops                        = true                           {product lp64_product} {ergonomic}
     bool UseG1GC                                  = true                                      {product} {ergonomic}
     bool UseLargePagesIndividualAllocation        = false                                  {pd product} {ergonomic}

Logging:
Log output configuration:
 #0: stdout all=warning uptime,level,tags
 #1: stderr all=off uptime,level,tags

Environment Variables:
JAVA_HOME=C:\Program Files\Java\jdk1.8.0_144
PATH=C:\ProgramData\Oracle\Java\javapath;C:\WINDOWS\system32;C:\WINDOWS;C:\WINDOWS\System32\Wbem;C:\WINDOWS\System32\WindowsPowerShell\v1.0\;C:\WINDOWS\System32\OpenSSH\;C:\Program Files\Microsoft SQL Server\120\DTS\Binn\;C:\Program Files\Microsoft SQL Server\Client SDK\ODBC\110\Tools\Binn\;C:\Program Files (x86)\Microsoft SQL Server\120\Tools\Binn\;C:\Program Files\Microsoft SQL Server\120\Tools\Binn\;C:\Program Files (x86)\Microsoft SQL Server\120\Tools\Binn\ManagementStudio\;C:\Program Files (x86)\Microsoft SQL Server\120\DTS\Binn\;C:\Program Files\PuTTY\;C:\Program Files\nodejs\;C:\Program Files\Microsoft SQL Server\150\Tools\Binn\;C:\Program Files\Microsoft SQL Server\Client SDK\ODBC\170\Tools\Binn\;C:\Program Files\dotnet\;C:\Users\USER-PC\AppData\Local\Microsoft\WindowsApps;C:\Users\USER-PC\AppData\Local\Programs\Microsoft VS Code\bin;C:\Users\USER-PC\AppData\Roaming\npm;C:\Users\USER-PC\AppData\Local\atom\bin;C:\Users\USER-PC\.dotnet\tools
USERNAME=AndresG
OS=Windows_NT
PROCESSOR_IDENTIFIER=Intel64 Family 6 Model 165 Stepping 3, GenuineIntel
TMP=C:\Users\USER-PC\AppData\Local\Temp
TEMP=C:\Users\USER-PC\AppData\Local\Temp



Periodic native trim disabled

JNI global refs:
JNI global refs: 25, weak refs: 15

JNI global refs memory usage: 843, weak refs: 841

Process memory usage:
Resident Set Size: 507220K (3% of 16619748K total physical memory with 174512K free physical memory)

OOME stack traces (most recent first):
Classloader memory used:
Loader org.gradle.internal.classloader.VisitableURLClassLoader                         : 3973K
Loader org.gradle.internal.classloader.VisitableURLClassLoader                         : 3834K
Loader bootstrap                                                                       : 3082K
Loader org.gradle.initialization.MixInLegacyTypesClassLoader                           : 1181K
Loader jdk.internal.loader.ClassLoaders$AppClassLoader                                 : 1156K
Loader jdk.internal.loader.ClassLoaders$PlatformClassLoader                            : 95592B
Loader jdk.internal.reflect.DelegatingClassLoader                                      : 72704B
Loader org.gradle.groovy.scripts.internal.DefaultScriptCompilationHandler$ScriptClassLoader: 14009B
Loader org.codehaus.groovy.runtime.callsite.CallSiteClassLoader                        : 1325B
Loader sun.reflect.misc.MethodUtil                                                     : 373B

Classes loaded by more than one classloader:
Class org.gradle.internal.installation.GradleInstallation                             : loaded 2 times (x 73B)
Class com.google.common.collect.Iterators$MergingIterator                             : loaded 2 times (x 79B)
Class com.google.common.io.Closer$SuppressingSuppressor                               : loaded 2 times (x 72B)
Class org.objectweb.asm.ModuleVisitor                                                 : loaded 2 times (x 78B)
Class [Lcom.google.common.collect.AbstractMapEntry;                                   : loaded 2 times (x 67B)
Class com.google.common.collect.SingletonImmutableList                                : loaded 2 times (x 167B)
Class com.google.common.cache.CacheLoader$SupplierToCacheLoader                       : loaded 2 times (x 73B)
Class org.gradle.internal.classpath.ClassPath                                         : loaded 2 times (x 68B)
Class com.google.common.cache.RemovalListener                                         : loaded 2 times (x 68B)
Class org.gradle.api.internal.classpath.DefaultModuleRegistry                         : loaded 2 times (x 84B)
Class com.google.common.collect.ImmutableEnumSet                                      : loaded 2 times (x 146B)
Class com.google.common.collect.ListMultimap                                          : loaded 2 times (x 68B)
Class com.google.common.base.CharMatcher$JavaDigit                                    : loaded 2 times (x 109B)
Class com.google.common.base.CharMatcher$Digit                                        : loaded 2 times (x 110B)
Class com.google.common.collect.AbstractMultimap                                      : loaded 2 times (x 121B)
Class com.google.common.cache.CacheBuilder$OneWeigher                                 : loaded 2 times (x 80B)
Class org.gradle.api.Action                                                           : loaded 2 times (x 68B)
Class com.google.common.collect.ImmutableEntry                                        : loaded 2 times (x 80B)
Class com.google.common.collect.Lists$StringAsImmutableList                           : loaded 2 times (x 167B)
Class com.google.common.cache.LocalCache$StrongEntry                                  : loaded 2 times (x 106B)
Class org.objectweb.asm.FieldWriter                                                   : loaded 2 times (x 75B)
Class com.google.common.base.CharMatcher                                              : loaded 2 times (x 109B)
Class com.google.common.base.CharMatcher$IsNot                                        : loaded 2 times (x 109B)
Class com.google.common.base.Splitter                                                 : loaded 2 times (x 70B)
Class [Lcom.google.common.cache.Weigher;                                              : loaded 2 times (x 67B)
Class com.google.common.collect.Iterators$ArrayItr                                    : loaded 2 times (x 95B)
Class com.google.common.cache.LocalCache$Segment                                      : loaded 2 times (x 152B)
Class org.gradle.api.internal.DefaultClassPathProvider                                : loaded 2 times (x 74B)
Class org.gradle.internal.installation.GradleInstallation$1                           : loaded 2 times (x 73B)
Class com.google.common.cache.LocalCache$AbstractReferenceEntry                       : loaded 2 times (x 105B)
Class org.objectweb.asm.Type                                                          : loaded 2 times (x 70B)
Class com.google.common.util.concurrent.AbstractFuture$Failure                        : loaded 2 times (x 70B)
Class com.google.common.base.CharMatcher$BitSetMatcher                                : loaded 2 times (x 110B)
Class com.google.common.collect.ImmutableMap$IteratorBasedImmutableMap                : loaded 2 times (x 123B)
Class com.google.common.collect.ImmutableMap                                          : loaded 2 times (x 118B)
Class com.google.common.base.Converter                                                : loaded 2 times (x 88B)
Class com.google.common.base.Equivalence                                              : loaded 2 times (x 80B)
Class com.google.common.primitives.Ints                                               : loaded 2 times (x 69B)
Class com.google.common.cache.LocalCache$EntryFactory$1                               : loaded 2 times (x 81B)
Class com.google.common.cache.LocalCache$EntryFactory$2                               : loaded 2 times (x 81B)
Class com.google.common.cache.LocalCache$EntryFactory$3                               : loaded 2 times (x 81B)
Class com.google.common.cache.LocalCache$EntryFactory$4                               : loaded 2 times (x 81B)
Class com.google.common.cache.LocalCache$EntryFactory$5                               : loaded 2 times (x 81B)
Class com.google.common.cache.LocalCache$EntryFactory$6                               : loaded 2 times (x 81B)
Class com.google.common.cache.LocalCache$EntryFactory$7                               : loaded 2 times (x 81B)
Class com.google.common.cache.LocalCache$EntryFactory$8                               : loaded 2 times (x 81B)
Class com.google.common.base.Predicate                                                : loaded 2 times (x 68B)
Class com.google.common.cache.LocalCache$StrongValueReference                         : loaded 2 times (x 88B)
Class org.gradle.internal.classloader.FilteringClassLoader                            : loaded 2 times (x 103B)
Class com.google.common.collect.RegularImmutableSet                                   : loaded 2 times (x 146B)
Class [Lcom.google.common.cache.LocalCache$Strength;                                  : loaded 2 times (x 67B)
Class org.gradle.internal.classpath.DefaultClassPath$ImmutableUniqueList$Builder      : loaded 2 times (x 73B)
Class com.google.common.collect.Maps$8                                                : loaded 2 times (x 80B)
Class com.google.common.base.PatternCompiler                                          : loaded 2 times (x 68B)
Class [Lcom.google.common.cache.CacheBuilder$NullListener;                            : loaded 2 times (x 67B)
Class com.google.common.base.CharMatcher$InRange                                      : loaded 2 times (x 109B)
Class com.google.common.collect.Maps$KeySet                                           : loaded 2 times (x 135B)
Class com.google.common.collect.Sets$SetView                                          : loaded 2 times (x 136B)
Class com.google.common.collect.BiMap                                                 : loaded 2 times (x 68B)
Class com.google.common.collect.Lists                                                 : loaded 2 times (x 69B)
Class org.objectweb.asm.AnnotationWriter                                              : loaded 2 times (x 76B)
Class com.google.common.math.IntMath$1                                                : loaded 2 times (x 69B)
Class org.gradle.internal.classloader.ClassLoaderVisitor                              : loaded 2 times (x 74B)
Class org.objectweb.asm.Label                                                         : loaded 2 times (x 71B)
Class com.google.common.cache.CacheBuilder$NullListener                               : loaded 2 times (x 80B)
Class com.google.common.math.MathPreconditions                                        : loaded 2 times (x 69B)
Class org.gradle.internal.service.DefaultServiceLocator                               : loaded 2 times (x 81B)
Class org.gradle.internal.service.UnknownServiceException                             : loaded 2 times (x 81B)
Class com.google.common.util.concurrent.AbstractFuture$SynchronizedHelper             : loaded 2 times (x 74B)
Class com.google.common.collect.ArrayListMultimap                                     : loaded 2 times (x 170B)
Class com.google.common.base.Strings                                                  : loaded 2 times (x 69B)
Class com.google.common.io.Closer                                                     : loaded 2 times (x 76B)
Class com.google.common.cache.CacheLoader$InvalidCacheLoadException                   : loaded 2 times (x 80B)
Class org.gradle.internal.classloader.DefaultClassLoaderFactory                       : loaded 2 times (x 80B)
Class com.google.common.collect.UnmodifiableIterator                                  : loaded 2 times (x 78B)
Class com.google.common.base.Stopwatch                                                : loaded 2 times (x 70B)
Class com.google.common.base.Platform$JdkPatternCompiler                              : loaded 2 times (x 73B)
Class com.google.common.cache.LocalCache$LoadingValueReference                        : loaded 2 times (x 94B)
Class com.google.common.base.CharMatcher$SingleWidth                                  : loaded 2 times (x 110B)
Class com.google.common.collect.Hashing                                               : loaded 2 times (x 69B)
Class com.google.common.base.JdkPattern                                               : loaded 2 times (x 73B)
Class com.google.common.collect.Multimap                                              : loaded 2 times (x 68B)
Class com.google.common.base.FunctionalEquivalence                                    : loaded 2 times (x 81B)
Class org.objectweb.asm.AnnotationVisitor                                             : loaded 2 times (x 75B)
Class org.objectweb.asm.RecordComponentWriter                                         : loaded 2 times (x 76B)
Class com.google.common.cache.LocalCache$1                                            : loaded 2 times (x 87B)
Class com.google.common.cache.LocalCache$2                                            : loaded 2 times (x 140B)
Class com.google.common.collect.RegularImmutableBiMap                                 : loaded 2 times (x 147B)
Class org.gradle.internal.classloader.VisitableURLClassLoader$Spec                    : loaded 2 times (x 72B)
Class org.gradle.api.GradleException                                                  : loaded 2 times (x 80B)
Class com.google.common.base.CharMatcher$JavaLetterOrDigit                            : loaded 2 times (x 109B)
Class org.gradle.api.internal.classpath.ModuleRegistry                                : loaded 2 times (x 68B)
Class com.google.common.collect.ForwardingObject                                      : loaded 2 times (x 70B)
Class com.google.common.cache.CacheBuilder                                            : loaded 2 times (x 70B)
Class org.objectweb.asm.ByteVector                                                    : loaded 2 times (x 76B)
Class com.google.common.collect.ImmutableCollection                                   : loaded 2 times (x 123B)
Class com.google.common.base.PairwiseEquivalence                                      : loaded 2 times (x 81B)
Class com.google.common.base.Ticker                                                   : loaded 2 times (x 70B)
Class org.gradle.api.internal.ClassPathProvider                                       : loaded 2 times (x 68B)
Class com.google.common.collect.RegularImmutableMap$Values                            : loaded 2 times (x 167B)
Class org.objectweb.asm.ModuleWriter                                                  : loaded 2 times (x 79B)
Class org.gradle.internal.classloader.ClasspathUtil$1                                 : loaded 2 times (x 74B)
Class com.google.common.collect.ImmutableEnumMap                                      : loaded 2 times (x 123B)
Class com.google.common.collect.ImmutableList$ReverseImmutableList                    : loaded 2 times (x 168B)
Class com.google.common.cache.AbstractCache$StatsCounter                              : loaded 2 times (x 68B)
Class org.objectweb.asm.FieldVisitor                                                  : loaded 2 times (x 74B)
Class org.objectweb.asm.Symbol                                                        : loaded 2 times (x 71B)
Class com.google.common.cache.LocalCache$Strength$1                                   : loaded 2 times (x 79B)
Class com.google.common.cache.LocalCache$Strength$2                                   : loaded 2 times (x 79B)
Class com.google.common.cache.LocalCache$Strength$3                                   : loaded 2 times (x 79B)
Class org.gradle.internal.classloader.ClassLoaderFactory                              : loaded 2 times (x 68B)
Class com.google.common.collect.ObjectArrays                                          : loaded 2 times (x 69B)
Class com.google.common.util.concurrent.AbstractFuture$Waiter                         : loaded 2 times (x 70B)
Class com.google.common.util.concurrent.Uninterruptibles                              : loaded 2 times (x 69B)
Class com.google.common.collect.Iterators$10                                          : loaded 2 times (x 79B)
Class com.google.common.collect.ImmutableList                                         : loaded 2 times (x 166B)
Class org.gradle.api.internal.classpath.ManifestUtil                                  : loaded 2 times (x 69B)
Class org.gradle.api.specs.Spec                                                       : loaded 2 times (x 68B)
Class com.google.common.cache.CacheLoader$UnsupportedLoadingOperationException        : loaded 2 times (x 80B)
Class com.google.common.base.CharMatcher$Whitespace                                   : loaded 2 times (x 110B)
Class com.google.common.util.concurrent.ListenableFuture                              : loaded 2 times (x 68B)
Class com.google.common.collect.Iterators$1                                           : loaded 2 times (x 79B)
Class com.google.common.collect.Iterators$4                                           : loaded 2 times (x 80B)
Class com.google.common.collect.Iterators$5                                           : loaded 2 times (x 80B)
Class com.google.common.util.concurrent.AbstractFuture$UnsafeAtomicHelper             : loaded 2 times (x 74B)
Class com.google.common.base.Joiner                                                   : loaded 2 times (x 77B)
Class com.google.common.base.Equivalence$Equals                                       : loaded 2 times (x 80B)
Class com.google.common.base.Preconditions                                            : loaded 2 times (x 69B)
Class com.google.common.base.Function                                                 : loaded 2 times (x 68B)
Class com.google.common.collect.Iterators$9                                           : loaded 2 times (x 79B)
Class org.gradle.internal.IoActions                                                   : loaded 2 times (x 69B)
Class com.google.common.cache.ReferenceEntry                                          : loaded 2 times (x 68B)
Class com.google.common.collect.RegularImmutableMap$KeySet                            : loaded 2 times (x 148B)
Class com.google.common.collect.CollectPreconditions                                  : loaded 2 times (x 69B)
Class com.google.common.primitives.IntsMethodsForWeb                                  : loaded 2 times (x 69B)
Class com.google.common.collect.Maps                                                  : loaded 2 times (x 69B)
Class com.google.common.collect.RegularImmutableMap                                   : loaded 2 times (x 119B)
Class com.google.common.collect.AbstractIndexedListIterator                           : loaded 2 times (x 94B)
Class com.google.common.base.CharMatcher$None                                         : loaded 2 times (x 110B)
Class org.gradle.api.internal.classpath.EffectiveClassPath                            : loaded 2 times (x 88B)
Class com.google.common.collect.UnmodifiableListIterator                              : loaded 2 times (x 93B)
Class com.google.common.cache.CacheLoader$FunctionToCacheLoader                       : loaded 2 times (x 73B)
Class com.google.common.cache.CacheBuilder$1                                          : loaded 2 times (x 83B)
Class com.google.common.cache.CacheBuilder$2                                          : loaded 2 times (x 77B)
Class com.google.common.collect.ImmutableList$1                                       : loaded 2 times (x 95B)
Class com.google.common.base.Splitter$Strategy                                        : loaded 2 times (x 68B)
Class com.google.common.cache.CacheBuilder$3                                          : loaded 2 times (x 70B)
Class com.google.common.collect.ImmutableMapEntrySet$RegularEntrySet                  : loaded 2 times (x 149B)
Class [Lcom.google.common.cache.RemovalListener;                                      : loaded 2 times (x 67B)
Class [Lcom.google.common.collect.ImmutableMapEntry;                                  : loaded 2 times (x 67B)
Class org.gradle.internal.installation.CurrentGradleInstallation                      : loaded 2 times (x 71B)
Class org.gradle.internal.installation.CurrentGradleInstallationLocator               : loaded 2 times (x 69B)
Class [Lcom.google.common.cache.LocalCache$Segment;                                   : loaded 2 times (x 67B)
Class org.gradle.api.internal.classpath.Module                                        : loaded 2 times (x 68B)
Class com.google.common.base.Splitter$1$1                                             : loaded 2 times (x 84B)
Class com.google.common.collect.ImmutableSet$JdkBackedSetBuilderImpl                  : loaded 2 times (x 74B)
Class com.google.common.collect.ImmutableSet$RegularSetBuilderImpl                    : loaded 2 times (x 75B)
Class org.gradle.internal.service.CachingServiceLocator                               : loaded 2 times (x 80B)
Class [Lcom.google.common.collect.ImmutableEntry;                                     : loaded 2 times (x 67B)
Class com.google.common.collect.Sets$ImprovedAbstractSet                              : loaded 2 times (x 133B)
Class org.gradle.internal.classpath.DefaultClassPath                                  : loaded 2 times (x 88B)
Class org.gradle.api.Transformer                                                      : loaded 2 times (x 68B)
Class com.google.common.util.concurrent.AbstractFuture$SetFuture                      : loaded 2 times (x 73B)
Class com.google.common.base.Splitter$SplittingIterator                               : loaded 2 times (x 82B)
Class com.google.common.cache.LocalCache$LocalManualCache$1                           : loaded 2 times (x 73B)
Class com.google.common.collect.Lists$RandomAccessReverseList                         : loaded 2 times (x 160B)
Class org.objectweb.asm.SymbolTable$Entry                                             : loaded 2 times (x 72B)
Class [Lcom.google.common.cache.LocalCache$EntryFactory;                              : loaded 2 times (x 67B)
Class com.google.common.base.CharMatcher$Is                                           : loaded 2 times (x 109B)
Class com.google.common.base.Platform                                                 : loaded 2 times (x 69B)
Class com.google.common.collect.RegularImmutableAsList                                : loaded 2 times (x 176B)
Class com.google.common.base.Suppliers$NonSerializableMemoizingSupplier               : loaded 2 times (x 77B)
Class com.google.common.collect.PeekingIterator                                       : loaded 2 times (x 68B)
Class com.google.common.collect.ImmutableMapEntrySet                                  : loaded 2 times (x 149B)
Class com.google.common.cache.CacheLoader                                             : loaded 2 times (x 72B)
Class com.google.common.collect.ImmutableBiMapFauxverideShim                          : loaded 2 times (x 118B)
Class org.objectweb.asm.MethodTooLargeException                                       : loaded 2 times (x 81B)
Class com.google.common.cache.Cache                                                   : loaded 2 times (x 68B)
Class org.gradle.internal.classloader.SystemClassLoaderSpec                           : loaded 2 times (x 69B)
Class com.google.common.util.concurrent.internal.InternalFutureFailureAccess          : loaded 2 times (x 70B)
Class com.google.common.base.Charsets                                                 : loaded 2 times (x 69B)
Class com.google.common.primitives.Ints$IntConverter                                  : loaded 2 times (x 88B)
Class com.google.common.collect.SingletonImmutableSet                                 : loaded 2 times (x 146B)
Class [Lcom.google.common.base.AbstractIterator$State;                                : loaded 2 times (x 67B)
Class com.google.common.collect.ImmutableMap$Builder                                  : loaded 2 times (x 78B)
Class com.google.common.base.AbstractIterator                                         : loaded 2 times (x 78B)
Class org.objectweb.asm.ClassWriter                                                   : loaded 2 times (x 102B)
Class com.google.common.base.AbstractIterator$1                                       : loaded 2 times (x 69B)
Class [Lcom.google.common.cache.CacheBuilder$OneWeigher;                              : loaded 2 times (x 67B)
Class com.google.common.collect.Iterators                                             : loaded 2 times (x 69B)
Class com.google.common.base.CharMatcher$1                                            : loaded 2 times (x 111B)
Class com.google.common.base.CharMatcher$Ascii                                        : loaded 2 times (x 110B)
Class org.gradle.api.UncheckedIOException                                             : loaded 2 times (x 80B)
Class com.google.common.base.CharMatcher$And                                          : loaded 2 times (x 110B)
Class com.google.common.collect.IndexedImmutableSet                                   : loaded 2 times (x 148B)
Class com.google.common.base.ExtraObjectsMethodsForWeb                                : loaded 2 times (x 69B)
Class build_ei7flvohdpm11xxcjsxr9ylw2                                                 : loaded 2 times (x 178B)
Class com.google.common.collect.AbstractListMultimap                                  : loaded 2 times (x 170B)
Class com.google.common.base.CharMatcher$Any                                          : loaded 2 times (x 110B)
Class com.google.common.cache.LocalCache$Strength                                     : loaded 2 times (x 79B)
Class com.google.common.collect.AbstractMapBasedMultimap$KeySet                       : loaded 2 times (x 135B)
Class com.google.common.collect.ArrayListMultimapGwtSerializationDependencies         : loaded 2 times (x 170B)
Class com.google.common.base.CharMatcher$RangesMatcher                                : loaded 2 times (x 110B)
Class org.objectweb.asm.Handler                                                       : loaded 2 times (x 70B)
Class com.google.common.collect.ImmutableList$SubList                                 : loaded 2 times (x 168B)
Class com.google.common.cache.LocalCache$ValueReference                               : loaded 2 times (x 68B)
Class org.gradle.internal.classloader.ClasspathUtil                                   : loaded 2 times (x 69B)
Class org.objectweb.asm.CurrentFrame                                                  : loaded 2 times (x 71B)
Class com.google.common.util.concurrent.AbstractFuture                                : loaded 2 times (x 93B)
Class com.google.common.base.Splitter$1                                               : loaded 2 times (x 75B)
Class com.google.common.base.Ticker$1                                                 : loaded 2 times (x 70B)
Class com.google.common.collect.Maps$BiMapConverter                                   : loaded 2 times (x 88B)
Class org.gradle.api.internal.DefaultClassPathRegistry                                : loaded 2 times (x 74B)
Class com.google.common.util.concurrent.AbstractFuture$Cancellation                   : loaded 2 times (x 70B)
Class [Lorg.objectweb.asm.Symbol;                                                     : loaded 2 times (x 67B)
Class com.google.common.collect.ImmutableSet$SetBuilderImpl                           : loaded 2 times (x 74B)
Class org.gradle.api.internal.classpath.DefaultModuleRegistry$DefaultModule           : loaded 2 times (x 84B)
Class com.google.common.base.CharMatcher$JavaIsoControl                               : loaded 2 times (x 110B)
Class com.google.common.collect.ImmutableMap$1                                        : loaded 2 times (x 79B)
Class com.google.common.base.CharMatcher$Or                                           : loaded 2 times (x 110B)
Class com.google.common.base.Suppliers$SupplierOfInstance                             : loaded 2 times (x 77B)
Class org.objectweb.asm.RecordComponentVisitor                                        : loaded 2 times (x 75B)
Class com.google.common.collect.Iterables                                             : loaded 2 times (x 69B)
Class com.google.common.base.CharMatcher$JavaLowerCase                                : loaded 2 times (x 109B)
Class org.objectweb.asm.ClassTooLargeException                                        : loaded 2 times (x 81B)
Class org.gradle.api.internal.classpath.UnknownModuleException                        : loaded 2 times (x 80B)
Class com.google.common.util.concurrent.AbstractFuture$Listener                       : loaded 2 times (x 70B)
Class org.objectweb.asm.Edge                                                          : loaded 2 times (x 70B)
Class com.google.common.collect.Maps$EntryTransformer                                 : loaded 2 times (x 68B)
Class com.google.common.collect.ImmutableCollection$Builder                           : loaded 2 times (x 74B)
Class [Lorg.objectweb.asm.SymbolTable$Entry;                                          : loaded 2 times (x 67B)
Class com.google.common.collect.SingletonImmutableBiMap                               : loaded 2 times (x 142B)
Class com.google.common.base.CommonPattern                                            : loaded 2 times (x 72B)
Class com.google.common.base.Suppliers$MemoizingSupplier                              : loaded 2 times (x 77B)
Class com.google.common.base.Suppliers                                                : loaded 2 times (x 69B)
Class org.objectweb.asm.ClassVisitor                                                  : loaded 2 times (x 85B)
Class com.google.common.cache.LoadingCache                                            : loaded 2 times (x 68B)
Class org.gradle.internal.service.ServiceLookupException                              : loaded 2 times (x 80B)
Class build_ei7flvohdpm11xxcjsxr9ylw2$_run_closure1$_closure3                         : loaded 2 times (x 134B)
Class org.gradle.cache.GlobalCache                                                    : loaded 2 times (x 68B)
Class com.google.common.base.CharMatcher$NegatedFastMatcher                           : loaded 2 times (x 111B)
Class [Lorg.gradle.api.internal.ClassPathProvider;                                    : loaded 2 times (x 67B)
Class com.google.common.util.concurrent.AbstractFuture$SafeAtomicHelper               : loaded 2 times (x 75B)
Class org.gradle.util.internal.GUtil                                                  : loaded 2 times (x 69B)
Class com.google.common.math.IntMath                                                  : loaded 2 times (x 69B)
Class com.google.common.collect.AbstractIterator                                      : loaded 2 times (x 80B)
Class org.gradle.internal.classloader.ClassLoaderSpec                                 : loaded 2 times (x 69B)
Class org.objectweb.asm.Frame                                                         : loaded 2 times (x 71B)
Class com.google.common.cache.LocalCache$LocalManualCache                             : loaded 2 times (x 97B)
Class com.google.common.collect.AbstractMapEntry                                      : loaded 2 times (x 79B)
Class com.google.common.collect.ImmutableList$Builder                                 : loaded 2 times (x 75B)
Class com.google.common.base.CharMatcher$Negated                                      : loaded 2 times (x 111B)
Class com.google.common.cache.CacheLoader$1                                           : loaded 2 times (x 73B)
Class com.google.common.util.concurrent.AbstractFuture$TrustedFuture                  : loaded 2 times (x 95B)
Class com.google.common.collect.Sets                                                  : loaded 2 times (x 69B)
Class com.google.common.collect.ImmutableSet$Builder                                  : loaded 2 times (x 83B)
Class com.google.common.base.CharMatcher$ForPredicate                                 : loaded 2 times (x 110B)
Class com.google.common.collect.ImmutableMap$MapViewOfValuesAsSingletonSets           : loaded 2 times (x 123B)
Class com.google.common.base.MoreObjects                                              : loaded 2 times (x 69B)
Class com.google.common.collect.SortedMapDifference                                   : loaded 2 times (x 68B)
Class org.objectweb.asm.SymbolTable                                                   : loaded 2 times (x 70B)
Class com.google.common.cache.CacheStats                                              : loaded 2 times (x 69B)
Class org.objectweb.asm.Attribute                                                     : loaded 2 times (x 75B)
Class org.gradle.internal.classloader.VisitableURLClassLoader                         : loaded 2 times (x 115B)
Class com.google.common.cache.LocalCache$LocalLoadingCache                            : loaded 2 times (x 132B)
Class com.google.common.base.Supplier                                                 : loaded 2 times (x 68B)
Class com.google.common.base.Objects                                                  : loaded 2 times (x 69B)
Class com.google.common.util.concurrent.AbstractFuture$AtomicHelper                   : loaded 2 times (x 74B)
Class com.google.common.collect.ImmutableBiMap                                        : loaded 2 times (x 142B)
Class org.gradle.internal.Cast                                                        : loaded 2 times (x 69B)
Class com.google.common.hash.PrimitiveSink                                            : loaded 2 times (x 68B)
Class org.gradle.api.internal.ClassPathRegistry                                       : loaded 2 times (x 68B)
Class com.google.common.cache.LocalCache$EntryFactory                                 : loaded 2 times (x 81B)
Class com.google.common.util.concurrent.UncheckedExecutionException                   : loaded 2 times (x 80B)
Class com.google.common.collect.ImmutableSet                                          : loaded 2 times (x 145B)
Class org.gradle.internal.classloader.ClassLoaderHierarchy                            : loaded 2 times (x 68B)
Class com.google.common.collect.Lists$ReverseList                                     : loaded 2 times (x 160B)
Class com.google.common.io.Closer$Suppressor                                          : loaded 2 times (x 68B)
Class [Lorg.objectweb.asm.Type;                                                       : loaded 2 times (x 67B)
Class com.google.common.collect.Lists$ReverseList$1                                   : loaded 2 times (x 97B)
Class com.google.common.base.AbstractIterator$State                                   : loaded 2 times (x 77B)
Class com.google.common.cache.Weigher                                                 : loaded 2 times (x 68B)
Class com.google.common.base.CharMatcher$NamedFastMatcher                             : loaded 2 times (x 110B)
Class org.gradle.internal.service.ServiceLocator                                      : loaded 2 times (x 68B)
Class com.google.common.util.concurrent.SettableFuture                                : loaded 2 times (x 95B)
Class com.google.common.collect.ImmutableMapEntry                                     : loaded 2 times (x 83B)
Class com.google.common.base.CharMatcher$Invisible                                    : loaded 2 times (x 110B)
Class com.google.common.base.Joiner$1                                                 : loaded 2 times (x 78B)
Class com.google.common.base.Joiner$2                                                 : loaded 2 times (x 77B)
Class com.google.common.base.CharMatcher$FastMatcher                                  : loaded 2 times (x 109B)
Class org.gradle.internal.classpath.DefaultClassPath$ImmutableUniqueList              : loaded 2 times (x 159B)
Class com.google.common.base.CharMatcher$JavaLetter                                   : loaded 2 times (x 109B)
Class com.google.common.collect.MapDifference                                         : loaded 2 times (x 68B)
Class com.google.common.collect.Sets$1                                                : loaded 2 times (x 137B)
Class com.google.common.collect.Sets$2                                                : loaded 2 times (x 137B)
Class com.google.common.util.concurrent.AbstractFuture$Trusted                        : loaded 2 times (x 68B)
Class com.google.common.collect.Sets$3                                                : loaded 2 times (x 137B)
Class com.google.common.collect.Sets$4                                                : loaded 2 times (x 137B)
Class org.objectweb.asm.MethodWriter                                                  : loaded 2 times (x 103B)
Class com.google.common.collect.Platform                                              : loaded 2 times (x 69B)
Class com.google.common.collect.ImmutableAsList                                       : loaded 2 times (x 169B)
Class com.google.common.util.concurrent.ExecutionError                                : loaded 2 times (x 80B)
Class com.google.common.base.Equivalence$Identity                                     : loaded 2 times (x 80B)
Class com.google.common.base.CharMatcher$AnyOf                                        : loaded 2 times (x 110B)
Class com.google.common.base.CharMatcher$IsEither                                     : loaded 2 times (x 109B)
Class com.google.common.cache.LocalCache                                              : loaded 2 times (x 185B)
Class build_ei7flvohdpm11xxcjsxr9ylw2$_run_closure1                                   : loaded 2 times (x 134B)
Class com.google.common.collect.RegularImmutableList                                  : loaded 2 times (x 172B)
Class com.google.common.util.concurrent.AbstractFuture$UnsafeAtomicHelper$1           : loaded 2 times (x 74B)
Class com.google.common.base.CharMatcher$JavaUpperCase                                : loaded 2 times (x 109B)
Class com.google.common.collect.Multiset                                              : loaded 2 times (x 68B)
Class org.objectweb.asm.MethodVisitor                                                 : loaded 2 times (x 102B)
Class com.google.common.collect.AbstractMapBasedMultimap$KeySet$1                     : loaded 2 times (x 80B)
Class com.google.common.collect.ImmutableMapEntry$NonTerminalImmutableMapEntry        : loaded 2 times (x 83B)
Class com.google.common.collect.AbstractMapBasedMultimap                              : loaded 2 times (x 137B)


---------------  S Y S T E M  ---------------

OS:
 Windows 11 , 64 bit Build 22621 (10.0.22621.3958)
OS uptime: 7 days 6:41 hours

CPU: total 12 (initial active 12) (6 cores per cpu, 2 threads per core) family 6 model 165 stepping 3 microcode 0xe0, cx8, cmov, fxsr, ht, mmx, 3dnowpref, sse, sse2, sse3, ssse3, sse4.1, sse4.2, popcnt, lzcnt, tsc, tscinvbit, avx, avx2, aes, erms, clmul, bmi1, bmi2, adx, fma, vzeroupper, clflush, clflushopt
Processor Information for all 12 processors :
  Max Mhz: 2904, Current Mhz: 2904, Mhz Limit: 2904

Memory: 4k page, system-wide physical 16230M (182M free)
TotalPageFile size 65382M (AvailPageFile size 7M)
current process WorkingSet (physical memory assigned to process): 495M, peak: 495M
current process commit charge ("private bytes"): 532M, peak: 534M

vm_info: OpenJDK 64-Bit Server VM (17.0.11+0--11852314) for windows-amd64 JRE (17.0.11+0--11852314), built on May 16 2024 21:29:20 by "androidbuild" with MS VC++ 16.10 / 16.11 (VS2019)

END.
